First Name,Last Name,Title,Company Name,Company Name for Emails,Email,Email Status,Primary Email Source,Primary Email Verification Source,Email Confidence,Primary Email Catch-all Status,Primary Email Last Verified At,Seniority,Departments,Contact Owner,Work Direct Phone,Home Phone,Mobile Phone,Corporate Phone,Other Phone,Stage,Lists,Last Contacted,Account Owner,# Employees,Industry,Keywords,Person Linkedin Url,Website,Company Linkedin Url,Facebook Url,Twitter Url,City,State,Country,Company Address,Company City,Company State,Company Country,Company Phone,Technologies,Annual Revenue,Total Funding,Latest Funding,Latest Funding Amount,Last Raised At,Subsidiary of,Email Sent,Email Open,Email Bounced,Replied,Demoed,Number of Retail Locations,Apollo Contact Id,Apollo Account Id,Secondary Email,Secondary Email Source,Secondary Email Status,Secondary Email Verification Source,Tertiary Email,Tertiary Email Source,Tertiary Email Status,Tertiary Email Verification Source,Qualify Contact
Priyal,Shrimali,Software Development Engineer,HiLabs,HiLabs,priyal.shrimali@hilabs.com,Verified,Apollo,Apollo,"","",2025-12-14T04:42:16+00:00,Entry,Engineering & Technical,ranilo@popai.agency,"","","",'+1 301-841-8080,"",Cold,New_popai,"",ranilo@popai.agency,310,information technology & services,"healthcare analytics, data ingestion, data scrubbing, bigdata, hospital & health system, data science, healthcare data, software development, provider directory accuracy, ai-driven healthcare insights, healthcare data security, geospatial intelligence, provider data error correction automation, data correction, healthcare data ecosystem, data validation, data automation, error detection, healthcare data integration, healthcare interoperability, provider data enrichment, healthcare data transformation, operational efficiency, provider network optimization, automation, healthcare data automation, healthcare data quality, provider data management, machine learning, healthcare data intelligence, generative ai, data enrichment, healthcare data accuracy, healthcare data management systems, provider directory accuracy ai, provider network benchmarking, b2b, services, insurtech, automated roster management, healthcare operational efficiency, data security, provider data enrichment ai, healthcare data analytics, cost savings healthcare, healthcare technology, cost reduction, real-time data, medicare cms audit compliance, healthcare data errors, computer systems design and related services, healthcare ai solutions, workflow automation, ai healthcare data cleaning, network management, provider data validation llms, interoperability, provider data reconciliation workflows, medicare advantage data, healthcare ai, healthcare data quality metrics, provider data validation, digital health, data reconciliation, health information management, error correction healthcare data, data standardization healthcare, data analytics, provider data, provider network management, healthcare data ecosystem optimization, data standardization, healthcare data governance ai, healthcare data governance, healthcare data compliance, data cleaning, healthcare software, healthcare data reconciliation, data integration, regulatory compliance, healthcare, distribution, information technology & services, artificial intelligence, computer & network security, health, wellness & fitness, enterprise software, enterprises, computer software, health care, hospital & health care",http://www.linkedin.com/in/priyalshrimali,https://hilabs.com,http://www.linkedin.com/company/hilabsinc,"",https://twitter.com/hilabs_inc,"","",United States,"7272 Wisconsin Ave, Bethesda, Maryland, United States, 20814-4802",Bethesda,Maryland,United States,'+1 301-841-8080,"Amazon CloudFront, Outlook, Amazon Elastic Load Balancer, Microsoft Office 365, Amazon AWS, Greenhouse.io, Google Tag Manager, Mobile Friendly, AI",10000000,39250000,Series B,39000000,2024-03-01T00:00:00+00:00,"","",false,false,false,false,"",694369a32b894c00012b3eba,694369a32b894c00012b3ee5,"","","","","","","","",""
Isha,Padmanaban,Software Development Engineer,Motorq,Motorq,isha@motorq.com,Verified,Apollo,Apollo,"","",2025-12-18T02:42:04+00:00,Entry,Engineering & Technical,ranilo@popai.agency,"","","",'+1 734-657-4813,"",Cold,New_popai,"",ranilo@popai.agency,130,information technology & services,"telematics, connected cars, fleet management, connected car data, connected car data analytics, connected vehicle, oem embedded data, connected vehicle intelligence, software development, fleet vehicle data portals, vehicle health monitoring, fleet reporting, fleet analytics platform, customer experience, fleet data streams, fleet vehicle data integration, fleet data processing, fleet vehicle safety, transportation equipment manufacturing, vehicle diagnostics, fleet vehicle data apis, fleet data services, fleet vehicle utilization, fleet data solutions, fleet vehicle diagnostics, cloud data storage, ev insights, fleet data security measures, fleet vehicle lifecycle management, fleet management solutions, fleet vehicle maintenance, driver behavior analysis, no aftermarket devices, fleet vehicle data streams, fleet data security, data normalization, fleet data insights platform, fuel fraud detection, vehicle data transformation, direct oem data access, information technology & services, digital transformation, inventory management, fleet data integration, fleet data connectivity, fleet vehicle data platform, business intelligence, ev charging management, connected vehicle data, fleet data platform apis, predictive maintenance, b2b, fleet data analytics tools, fleet vehicle compliance, fleet optimization, computer systems design and related services, fleet vehicle fraud detection, fleet vehicle data privacy, fleet vehicle insights, vehicle tracking, fleet data customization, fleet vehicle data security, fleet monitoring, data transformation, fleet data analytics platform, real-time data, services, fleet data analysis software, fleet data visualization, operational efficiency, fleet data apis, fleet data platform, fleet operations, data lake, data analytics, fleet data visualization tools, fleet data management system, fleet insights, fleet data security protocols, fleet analytics, fleet data analytics, api integration, vehicle telematics, fleet data portals, vehicle data normalization, fleet vehicle tracking system, fleet vehicle tracking, fleet data integration tools, fleet management software, data streaming, automotive, fleet data management, data security, oem integration, driver coaching, fleet management tools, fleet safety, fleet vehicle safety coaching, fleet data management solutions, fleet vehicle management, fleet vehicle analytics, fleet vehicle telematics, consulting, preventive maintenance, driver safety, fuel management, data integration, real-time information, api solutions, customizable web portal, vehicle health reports, oem partnerships, vehicle enrollment, remote monitoring, usage-based insurance, in-vehicle coaching, fuel fraud elimination, telematics services, custom configurations, maintenance alerts, electrical vehicle reimbursements, utilization tracking, data dashboard, multi-oem compatibility, notification services, performance analytics, driver behavior monitoring, vehicle asset management, integrated solutions, cloud-based analytics, fleet performance optimization, iiot solutions, automotive insights, data visualization, fleet optimization tools, safety metrics, cost reduction strategies, regulatory compliance tracking, dashboard reporting, risk management solutions, asset lifecycle management, usage reporting, distribution, transportation & logistics, transportation/trucking/railroad, analytics, computer & network security, enterprise software, enterprises, computer software",http://www.linkedin.com/in/isha-padmanaban,https://motorq.com,http://www.linkedin.com/company/gomotorq,"",https://twitter.com/motorqinc,Madison,Wisconsin,United States,"San Francisco, California, United States",San Francisco,California,United States,'+1 734-657-4813,"Cloudflare DNS, Sendgrid, Outlook, CloudFlare Hosting, Microsoft Office 365, Amazon AWS, WP Engine, Atlassian Cloud, Vercel, GitHub Hosting, Hubspot, Google Tag Manager, Mixpanel, YouTube, Active Campaign, Mobile Friendly, Render, Android, Circle, IoT, AI",36800000,50609999,Other,"",2022-02-01T00:00:00+00:00,"","",false,false,false,false,"",694369fb23cd0d0001fb7054,694369fb23cd0d0001fb7083,"","","","","","","","",""
Gowtham,Rajeshshekaran,Software/Platform Engineer,Armada,Armada,gowtham.rajeshshekaran@armada.ai,Verified,Apollo,Apollo,"","",2025-11-18T19:19:36+00:00,Entry,Engineering & Technical,ranilo@popai.agency,"","","",'+1 855-727-6232,"",Cold,New_popai,"",ranilo@popai.agency,470,information technology & services,"edge computing, artificial intelligence, connectivity, fullstack solutions, big data, internet of things, logistics, deep information technology, enterprise software, software, information technology, software development, remote site automation, telecommunications, energy & utilities, iot asset management, edge security, edge computing global footprint, services, edge ai applications, edge infrastructure for defense, connectivity management platform, multi-industry edge solutions, edge computing for logistics, navigational, measuring, electromedical, and control instruments manufacturing, edge computing for oil & gas, edge ai for public safety, edge computing security, industrial edge solutions, edge computing for mining, edge device management, edge computing for public sector, edge operational insights, real-time data processing, modular data centers, edge computing for mining automation, terrestrial connectivity, edge platform, edge computing platform, edge device management software, ai workloads orchestration, edge computing industries, ai at the edge for industrial use, edge data security, manufacturing, automation, secure remote infrastructure, edge connectivity solutions, b2b, ai workloads management, edge data analytics platform, edge infrastructure management, scalable edge deployment, remote iot ecosystem management, edge infrastructure scalability, megawatt-scale data center, edge network resilience, distribution, portable edge data centers, edge ai orchestration tools, galleon data center, ai-powered edge solutions, secure edge infrastructure, edge ai for exploration and safety, edge computing for manufacturing, operational efficiency, remote connectivity, ai-enabled remote monitoring, edge data processing, ruggedized mobile data centers, ai at the edge, edge ai for environmental monitoring, edge infrastructure monitoring, real-time edge data management, edge computing industry leaders, edge computing innovation, connectivity and compute integration, marketplace hardware software, edge computing resilience, industrial automation, edge ai for safety and security, edge computing for extreme environments, edge data analytics, satellite and terrestrial connectivity, full-stack edge computing, edge network optimization, edge network security, satellite connectivity, edge deployment speed, edge infrastructure as a service, edge ai orchestration, edge data sovereignty, multi-modal connectivity solutions, edge solutions for critical infrastructure, transportation & logistics, full-stack edge solutions, ai model deployment, edge deployment automation, multi-modal connectivity, edge computing for energy sector, cloud-edge integration, ai-driven edge management, edge solutions for logistics safety, government, edge device monitoring, mining, rapid edge deployment, edge security and compliance, edge ai integration, edge computing for telecom, oil and gas, edge automation tools, edge security solutions, ai integration at the edge, atlas iot management, extreme environment data centers, atlas enterprise monitoring, ai workload orchestration, fleet management, remote iot management, connectivity platform, edge automation, edge infrastructure, asset monitoring, process optimization, digital transformation, ai workloads, rapid deployment, ai-driven insights, starlink management, edge ai workloads, connectivity in remote environments, ruggedized data center, cloud integration, security and compliance, data management, galleon rugged data center, industry-specific solutions, remote environment solutions, edge ai, edge infrastructure partners, configurable gpu density, scalability, edge ai diagnostics, digital divide bridging, ai orchestration, edge deployment, iot ecosystem management, ai applications at the edge, edge computing scalability, asset management, mobile data center, modular data center, edge hardware marketplace, edge ecosystem, edge connectivity, cloud and on-premise integration, predictive maintenance, edge management, predictive analytics, ai and hpc, data security, marketplace hardware discovery, transportation_logistics, energy_utilities, information technology & services, enterprises, computer software, mechanical or industrial engineering, oil & energy, computer & network security",http://www.linkedin.com/in/gowtham-rajeshshekaran,https://armada.ai,http://www.linkedin.com/company/armadaai,"",http://twitter.com/armadaai,Redmond,Washington,United States,"San Francisco, California, United States, 94103",San Francisco,California,United States,'+1 855-727-6232,"Salesforce, Cloudflare DNS, Rackspace MailGun, Outlook, CloudFlare Hosting, Gmail, Google Apps, Cloudinary, Mobile Friendly, YouTube, Remote, Circle, Reviews, IoT, AI",83200000,226000000,Other,131000000,2025-07-01T00:00:00+00:00,"","",false,false,false,false,"",6943691530266e001932bbfe,6943691530266e001932bc1a,"","","","","","","","",""
Sergey,Yakunin,Engineer Software,Slavyanka Group of Companies,Slavyanka Group of Companies,"",Unavailable,"","","","","",Entry,Engineering & Technical,ranilo@popai.agency,"","","",'+7 800 770-01-81,"",Cold,New_popai,"",ranilo@popai.agency,40,food production,"confectionery food production & packaging production, food & beverage manufacturing, food production",http://www.linkedin.com/in/sergey-yakunin-749507167,https://slavyanka-group.com,http://www.linkedin.com/company/slavyanka,"","",San Francisco,California,United States,"20 Октябрьская улица, Stary Oskol, Belgorod Oblast, Russia, 309514",Stary Oskol,Belgorod Oblast,Russia,'+7 800 770-01-81,"Yandex Metrica, JQuery 2.1.1, Nginx, Mobile Friendly, reCAPTCHA, Google Tag Manager","","","","","","","",false,false,false,false,"",694369a32b894c00012b3eb8,694369a32b894c00012b3ee3,"","","","","","","","",""
Sarah,Shewring,Engineer Software,Arrow,Arrow,"",Unavailable,"","","","","",Entry,Engineering & Technical,ranilo@popai.agency,"","","","","",Cold,New_popai,"",ranilo@popai.agency,150,airlines/aviation,"air travel, business travelers, leisure travelers, airlines & aviation, airlines/aviation, aviation & aerospace",http://www.linkedin.com/in/sarah-shewring-6a0676166,https://flyarrow.com,http://www.linkedin.com/company/arrow-flight-club,"","",Wichita,Kansas,United States,"7277 Perimeter Rd S, Seattle, Washington, United States, 98108",Seattle,Washington,United States,"",Amazon AWS,27923000000,"","","","","","",false,false,false,false,"",694369a32b894c00012b3ecd,694369a32b894c00012b3ef8,"","","","","","","","",""
Yi,Gu,Software Development Engineer,INRIX,INRIX,yi.gu@inrix.com,Verified,Apollo,Apollo,"","",2025-12-18T02:42:05+00:00,Entry,Engineering & Technical,ranilo@popai.agency,"","","",'+1 425-284-3800,"",Cold,New_popai,"",ranilo@popai.agency,330,information technology & services,"traffic, navigation, technology, autonomous driving, automotive, mobile app, public sector, transportation, software development, big data, dataasaservice, connected cars, smart cities, internet of things, analytics, parking, retail, seo, crowdsourcing, public transportation, enterprise software, search marketing, communities, software, social media, search, consumer internet, information technology, internet, it services & it consulting, smart city solutions, vehicle-to-infrastructure communication data, global traffic data, mobility data saas, autonomous vehicle data, traffic congestion monitoring, transportation industry solutions, ev parking data solutions, vehicle movement data, traffic flow and speed analytics, vehicle data for urban planning, urban planning, autonomous vehicle road rules, traffic management saas, traffic performance analytics, engineering services, traffic incident data, mobility ecosystem data, traffic count and volume analytics, saas transportation analytics, autonomous vehicle data support, transportation industry saas solutions, road safety data analytics, traffic flow optimization tools, connected vehicle fleet data, transportation data api, curb space management, trip and route data, ev charging station analytics, traffic count data, urban traffic congestion solutions, ev parking analytics, smart city traffic solutions, shared mobility data solutions, traffic congestion reduction, traffic performance monitoring, road rules digitization, traffic safety analytics for cities, connected vehicle data, real-time traffic monitoring, transportation infrastructure planning, smart traffic management apis, services, real-time traffic data, smart city traffic management, traffic flow optimization, urban mobility solutions, mobility ecosystem data integration, autonomous vehicle infrastructure data, connected car services, connected vehicles data, smart city infrastructure data, operational efficiency, autonomous vehicle roadside communication, autonomous vehicle roadside data, autonomous vehicle data platforms, cross border traffic data analytics, traffic signal and intersection analytics, traffic safety tools, transportation & logistics, vehicle movement analytics, b2b, road rules compliance data, urban mobility optimization, road safety analytics, smart traffic signal control, mobility insights, traffic performance monitoring tools, trip and route analysis, transportation data, curb space analytics, cross border traffic analytics, traffic data apis, cross border traffic insights, fleet management, transportation analytics platform, autonomous vehicle infrastructure planning, roadway safety analytics, parking availability data, ev charging and parking analytics, connected vehicle data for insurance, vehicle location data, mobility pattern analytics, curb space optimization, connected car data platform, traffic safety alerts saas, predictive analytics, government, connected vehicles data collection, transportation industry saas, autonomous vehicle testing infrastructure, smart city parking management, autonomous vehicle safety data, smart mobility saas, autonomous vehicle support, parking analytics, smart delivery and logistics data, traffic and parking management, cross border traffic data, traffic analytics, connected car data solutions, ai traffic management, traffic safety and incident alerts, parking data analytics, connected vehicle data for fleet management, big data transportation insights, delivery and logistics analytics, data collection from vehicles, traffic congestion analytics, connected car data for autonomous vehicles, urban traffic management tools, trip analytics saas, smart delivery route optimization, transportation innovation, traffic incident data platforms, customer experience, traffic safety and incident data, mobility data platform, real-time traffic updates, urban mobility big data, big data for transportation, big data transportation, traffic data saas, traffic count and speed data for cities, traffic safety alerts, curb management solutions, software & technology, traffic incident monitoring, autonomous vehicle testing data, traffic count and volume data, ev parking and charging analytics, mobility pattern analysis, traffic signal optimization, traffic signal optimization apis, smart delivery logistics, traffic signal optimization tools, traffic data monetization, vehicle movement pattern analytics, traffic management apis, traffic signal data analytics, mobility data for site selection, real-time data, parking solutions, signal analytics, roadway performance, trip analysis, commercial vehicle safety, urban mobility, traffic management, ai technology, curb analytics, smart delivery solutions, location intelligence, data-driven decisions, congestion management, vehicle-to-infrastructure, connected vehicles, safety alerts, traffic volume profiles, ev parking solutions, traffic navigation, transportation agencies, data monetization, mobility as a service, customer insights, traffic ai, public transportation analytics, site selection, big data solutions, mobility solutions, smart mobility, road safety, data visualization, predictive traffic models, user experience optimization, innovative mobility tools, transportation planning, historical speed data, traffic incident reporting, routing optimization, intelligent transportation systems, traffic forecasting, mobility trends, finance, distribution, consumer_products_retail, transportation_logistics, information technology & services, enterprises, computer software, marketing, marketing & advertising, transportation/trucking/railroad, consumers, financial services",http://www.linkedin.com/in/yigueit,https://inrix.com,http://www.linkedin.com/company/inrix,https://www.facebook.com/INRIXinc/,https://twitter.com/inrix,Kirkland,Washington,United States,"10210 Northeast Points Drive, Kirkland, Washington, United States, 98033",Kirkland,Washington,United States,'+1 425-284-3800,"Salesforce, Amazon SES, Outlook, Pardot, Microsoft Office 365, Zendesk, CloudFlare Hosting, VueJS, Atlassian Cloud, Microsoft Power BI, OneTrust, Chargebee, Google Analytics, Bootstrap Framework, Mobile Friendly, DoubleClick Conversion, Gravity Forms, Google Maps, WordPress.org, Google Maps (Non Paid Users), Linkedin Marketing Solutions, reCAPTCHA, DoubleClick, Google Dynamic Remarketing, Google Font API, Google AdSense, Bizible, Vimeo, YouTube, Google Tag Manager, Google Remarketing, Google AdWords Conversion, AI, Remote, Docker",53500000,220099993,Other,70000000,2023-08-01T00:00:00+00:00,"","",false,false,false,false,"",694369fb23cd0d0001fb7060,694369fb23cd0d0001fb708f,yiyayou404@hotmail.com,Apollo,Verified,Apollo,"","","","",""
Michael,Rapoport,Software Development Engineer,Covered 6,Covered 6,michael.rapoport@covered6.com,Verified,Apollo,Apollo,"",Not Catch-all,2025-12-10T17:13:17+00:00,Entry,Engineering & Technical,ranilo@popai.agency,"","","",'+1 805-926-2055,"",Cold,New_popai,"",ranilo@popai.agency,120,security & investigations,"security consulting, policy writting, static, mobile security, imminent threat training, corporate, educational training, investigations, surveillance, executive protection, global travel, threat assessment, asset recovery, firearms training, tactical training, private investigations, cyber security, active shooter, integration technology, veterans training, public/private partnerships, integrated drone technology, offnode it security, real-time video monitoring, access control, security training, weapons accountability, public safety partnerships, private fire training program, security services, innovation, threat detection, universal defensive tactics (u-dtac), physical security specialist program, security product development, tactical medicine for security, counter drone operations, training & education, government, security systems services, r.o.v.r. drone reconnaissance, first responder technology, cybersecurity solutions, services, cybersecurity, cyber security technician program, counter uas, unmanned aerial systems, drone training, thermal cameras, active shooter response training, real-time intelligence center, c6 drones enterprise hardware, security technology integration, product development, uas services, b2b, security training programs, security technology solutions, technology solutions, security policy and procedures, disaster area mapping drones, ballistic products, data protection, drone hardware supply, cybersecurity breach response, patented security products, wildlife mitigation drones, penetration testing, geofencing, weapons racks, public safety, consulting, situational awareness tools, education, internet, information technology & services, computer & network security, security & investigations, firearm training, specialty schools",http://www.linkedin.com/in/michaelrapoport,https://covered6.com,http://www.linkedin.com/company/covered-6,https://facebook.com/covered6/,"",Los Angeles,California,United States,"868 Patriot Dr, Moorpark, California, United States, 93021",Moorpark,California,United States,'+1 805-926-2055,"Gmail, Google Apps, Amazon AWS, Oracle Cloud, Vimeo, YouTube, Woo Commerce, Active Campaign, Facebook Custom Audiences, Google Font API, Facebook Widget, Facebook Login (Connect), WordPress.org, Mobile Friendly, Google Tag Manager, Domo, Remote, Sisense",23300000,"","","","","","",false,false,false,false,1,6943691530266e001932bc01,6943691530266e001932bc1d,michaelrapoport@gmail.com,Apollo,Verified,Apollo,"","","","",""
Malcom,Willis,Engineer Software,Englobal,Englobal,malcom.willis@englobal.com,Verified,Apollo,Apollo,"",Catch-all,2025-12-05T17:39:54+00:00,Entry,Engineering & Technical,ranilo@popai.agency,"","","",'+1 281-878-1000,"",Cold,New_popai,"",ranilo@popai.agency,140,oil & energy,"engineering, government, automation, design, fabrication, control systems, analyzer systems, inspection, plant asset management, data center integration, military/government/technical, consumer discretionary, operational efficiency, energy sector solutions, consulting, energy, services, modular fabrication, construction, modular process systems, onshore energy projects, integrated solutions, safety management, refinery automation, energy industry, safety performance metrics, construction management, process safety, procurement, offshore energy projects, project management, civil engineering, petrochemical project delivery, b2b, hazard mitigation, oil and gas engineering, safety training, safety procedures, safety compliance, energy efficiency, engineering services, hazard elimination, project execution, quality assurance, refining & petrochemicals, system integration, risk management, epfcm projects, safety standards, safety training programs, safety systems, industrial safety systems, safety culture, supply chain management, project lifecycle, oil and gas, hazardous environment safety, industrial automation, system design, integration, field services, process performance, industrial safety, energy sector, petrochemicals, refineries, renewables, government services, automation solutions, project delivery, turnkey solutions, end-to-end solutions, sustainable energy, health and safety, environmental management, cost management, custom solutions, hydrocarbon processing, pipeline systems, feasibility studies, commissioning, start-up services, technical consultation, advanced technologies, process control, chemical processes, contractor services, hse compliance, quality management, asset lifecycle services, crude oil, gas processing, renewable fuels, process systems, maintenance solutions, productivity, environmental services, renewables & environment, information technology & services, logistics & supply chain, oil & energy, mechanical or industrial engineering, health & safety",http://www.linkedin.com/in/malcom-willis-3039a3169,https://englobal.com,http://www.linkedin.com/company/englobal,https://facebook.com/EnGlobal/,https://twitter.com/englobalmedia,New York,New York,United States,"11740 Katy Fwy, Houston, Texas, United States, 77079-0005",Houston,Texas,United States,'+1 281-878-1000,"Outlook, Microsoft Office 365, GoDaddy Hosting, Barracuda Networks, reCAPTCHA, Apache, Shutterstock, Mobile Friendly, Google Font API, Google Tag Manager, WordPress.org, Remote",39036000,"","","","","","",false,false,false,false,"",6943691530266e001932bc08,6943691530266e001932bc24,"","","","","","","","",""
Patel,Poojan,Software Development Engineer,Duncan and Son Lines,Duncan and Son Lines,poojan.patel@duncantruckingltd.com,Verified,Apollo,Apollo,"",Not Catch-all,2025-11-21T15:23:30+00:00,Entry,Engineering & Technical,ranilo@popai.agency,"","","",'+1 623-386-4511,"",Cold,New_popai,"",ranilo@popai.agency,410,transportation/trucking/railroad,"intermodal, international cargo, trucking, transportation, fleet operations, fleet safety, truck transportation, us port logistics, chassis repair, safety investments, import/export logistics, container security, customs clearance, reliability, port transportation, depot services, shipping containers, capacity management, container flip services, container sales and leasing, container sales, container storage, general freight trucking, local, container drayage, logistics services, safety and emissions, b2b, safety technologies, container yard, environmental sustainability, heavy haul trucking, rail and port integration, intermodal logistics solutions, ocean container sales, supply chain management, distribution, hazmat logistics, sustainable logistics practices, transportation & logistics, intermodal trucking, logistics, phoenix logistics, inventory management, container yard operations, fleet of trucks, supply chain support, container handling, freight logistics, heavy haul services, capacity expansion, partnership carriers, fleet management, services, hazmat certified, transportation/trucking/railroad, logistics & supply chain",http://www.linkedin.com/in/poojan-patel,https://duncanandson.com,http://www.linkedin.com/company/duncan-and-son-lines,https://www.facebook.com/Duncanandson/,"",Tempe,Arizona,United States,"23860 MC 85, Buckeye, Arizona, United States, 85326",Buckeye,Arizona,United States,'+1 623-386-4511,"Outlook, Microsoft Office 365, Amazon AWS, Gravity Forms, Nginx, Google Analytics, WordPress.org, reCAPTCHA, Mobile Friendly, Google Tag Manager, Remote, AI",52298000,"","","","","","",false,false,false,false,"",694369fb23cd0d0001fb7052,694369fb23cd0d0001fb7081,"","","","","","","","",""
Kameron,Moore,Software Data Engineer,TEAL,TEAL,kmoore@tealsystems.com,Verified,Apollo,Apollo,"","",2025-11-24T14:34:29+00:00,Entry,Engineering & Technical,ranilo@popai.agency,"","","",'+1 866-637-0100,"",Cold,New_popai,"",ranilo@popai.agency,61,facilities services,"reduced construction & maintenance costs, improved roi, resident amenity & energy savings, hot water that never runs out, multi-industry application, automated central plant, energy efficiency, hot water systems, predictive analytics for hvac, space heating, proprietary beacon technology, energy & utilities, education, predictive maintenance, carbon footprint reduction, b2b, sustainable heat pump systems, eco-friendly hvac, sustainable hvac solutions, hot water and chilled water systems, central plant systems, water supply and irrigation systems, healthcare, ai-powered system diagnostics, fixed operating costs, industrial automation, green building standards, machine learning, energy demand routing, smart hvac systems, predictive system management, all-electric heat pumps, remote system management, energy management, industrial water management, proactive maintenance, chilled water systems, energy savings, ai-driven system optimization, zero downtime hvac, services, sustainable design, carbon emissions reduction, industrial water heating, managed central plant, predictive analytics, virtual supervision, beacon monitoring technology, fixed-cost solutions, consulting, cloud-based monitoring, building decarbonization, construction & real estate, operational risk mitigation, system redundancy, environmental services, renewables & environment, water supply & irrigation systems, health care, health, wellness & fitness, hospital & health care, mechanical or industrial engineering, artificial intelligence, information technology & services, oil & energy, sustainability, enterprise software, enterprises, computer software",http://www.linkedin.com/in/kameron-moore-b20a59159,https://tealsystems.com,http://www.linkedin.com/company/tealsystems,https://www.facebook.com/tealsystem,https://twitter.com/TEAL_Systems,Houston,Texas,United States,"Riverby Rd, Houston, Texas, United States, 77020",Houston,Texas,United States,'+1 866-637-0100,"Cloudflare DNS, Sendgrid, Outlook, CloudFlare Hosting, Google Tag Manager, WordPress.org, Google Font API, reCAPTCHA, Mobile Friendly, Remote, Android, IoT, Node.js, AI","","","","","","","",false,false,false,false,"",694369fb23cd0d0001fb7066,694369fb23cd0d0001fb7095,"","","","","","","","",""
Vishwaksen,Bairisetti,Software Development Engineer,CENTRL Inc,CENTRL,vbairisetti@centrl.ai,Verified,Apollo,Apollo,"",Not Catch-all,2025-11-24T03:49:16+00:00,Entry,Engineering & Technical,ranilo@popai.agency,"","","",'+1 877-367-9094,"",Cold,New_popai,"",ranilo@popai.agency,64,information technology & services,"client management, vendor management, third party risk management, risk, compliance, due diligence, privacy management, modern slavery act, vendor onboarding, risk assessments, privacy assessments, cyber assessments, bank network management, global network management, operational due diligence, supplier management, b2b, enterprise software, software, information technology, software development, generative ai for diligence, analytics, ai for operational risk, risk process automation, risk oversight, vendor risk management, risk assessment platform, risk process optimization, risk evaluation tools, enterprise risk, ai generative models, ai in financial risk, due diligence platform, ai for due diligence workflows, ai risk management, ai risk response tools, ai-powered risk management, risk assessment tools, third-party risk, ai in asset management, risk insights, risk automation, risk assessment, workflow automation, financial services technology, risk reporting, services, ai risk trend analysis, risk response, generative ai, regulatory compliance tools, risk evaluation, centralized risk platform, ai-driven risk insights, ai in finance, ai risk evaluation, operational efficiency, ai for risk issue management, third-party risk assessment, risk assessment system, risk collaboration, regulatory compliance, ai for third-party monitoring, risk automation tools, risk collaboration tools, ai in financial oversight, risk data management, ai in enterprise compliance, risk and diligence solutions, risk assessment automation, risk workflows, ai for securities services, ai risk management saas, risk management dashboards, financial institutions, compliance management, due diligence automation, ai in compliance, risk trend analytics, ai-driven analytics, risk insights generation, computer systems design and related services, financial services, ai agents in diligence, issue tracking, ai in banking compliance, ai in financial regulation, enterprise risk management, risk management, vendor risk, automated ddq responses, banking, risk data integration, risk management software, risk management solutions, risk trend monitoring, ai risk agent, risk management analytics, risk evaluation system, ai for risk trend monitoring, ai-powered risk dashboards, analytics dashboards, risk issue tracking, risk assessment reporting, ai in vendor onboarding, risk dashboards, ai risk copilot, risk assessment workflows, investment management, risk analytics, risk response automation, risk reporting tools, issue management, ai compliance automation, ddq & rfp automation, risk response system, risk data visualization, automated workflows, risk management platform, cybersecurity, risk data analytics, ai-powered vendor assessment, risk issue resolution, content management, automation, content repository, collaboration tools, risk process, risk monitoring, risk trend analysis, ai powered due diligence, network management platform, automated assessments, due diligence questionnaires, investment management solutions, third party risk assessment, generative ai solutions, centralized document repository, analytical dashboards, vendor data aggregation, automated workflow systems, financial services risk management, risk evaluation processes, third party monitoring, regulatory compliance solutions, user-friendly portal, response automation, document management system, dynamic dashboards, operational risk management, centralized vendor directory, client relationship management, data analysis tools, ai enhanced risk processes, document-based risk assessment, digital diligence tools, sso integration, custom risk models, rfi process automation, ddq management, stakeholder collaboration, real-time reporting, tailored risk solutions, cyber risk monitoring, analytics-driven diligence, performance tracking, integrated risk management, proactive risk strategies, due diligence best practices, saas, finance, enterprises, computer software, information technology & services",http://www.linkedin.com/in/vishwaksen-bairisetti,https://centrl.ai,http://www.linkedin.com/company/centrl,https://facebook.com/oncentrl,https://twitter.com/oncentrl,Mountain View,California,United States,"257 Castro St, Mountain View, California, United States, 94041-1285",Mountain View,California,United States,'+1 877-367-9094,"Amazon CloudFront, Cloudflare DNS, Route 53, Gmail, Google Apps, CloudFlare Hosting, Mailchimp Mandrill, Outlook, Marketo, Zendesk, Atlassian Cloud, Appcues, The Trade Desk, Hubspot, DoubleClick, DoubleClick Conversion, Linkedin Marketing Solutions, Google Dynamic Remarketing, Bootstrap Framework, Google Tag Manager, reCAPTCHA, Mobile Friendly, Ruxit, Google translate widget, HeapAnalytics, Google Analytics, Google translate API, Data Analytics, Remote, AI","","","","","","","",false,false,false,false,"",6943691530266e001932bc00,6943691530266e001932bc1c,"","","","","","","","",""
Sam,Owens,Engineer Software,Momentum CRM,Momentum CRM,sam.owens@crmomentum.com,Verified,Apollo,Apollo,"",Not Catch-all,2025-12-18T02:38:15+00:00,Entry,Engineering & Technical,ranilo@popai.agency,"","","",'+1 888-284-5833,"",Cold,New_popai,"",ranilo@popai.agency,21,information technology & services,"automotive crm, crm, automotive, aftersales, fixed ops, sales, software, dealerships, software development, enterprise software, enterprises, computer software, information technology & services, b2b",http://www.linkedin.com/in/sam-owens-152bb5b,https://crmomentum.com,http://www.linkedin.com/company/momentumcrm,https://www.facebook.com/momentumcrm/,https://twitter.com/crmomentum,Westminster,California,United States,"23422 Mill Creek Dr, Laguna Hills, California, United States, 92653",Laguna Hills,California,United States,'+1 888-284-5833,"Gmail, Google Apps, Google Cloud Hosting, Wix, Mobile Friendly, Varnish, Google Tag Manager, Android, Node.js, Data Analytics, Circle, IoT, AI",7596000,"","","","","","",false,false,false,false,"",6943691530266e001932bc0c,6943691530266e001932bc28,"","","","","","","","",""
Samreen,Ansari,Software and Controls Engineer,"Horizon Scientific, Inc.",Horizon Scientific,sansari@horizonscientific.com,Verified,Apollo,Apollo,"",Catch-all,2025-12-18T02:40:36+00:00,Entry,Engineering & Technical,ranilo@popai.agency,"","","",'+1 843-821-8010,"",Cold,New_popai,"",ranilo@popai.agency,71,mechanical or industrial engineering,"analytical laboratory instrument manufacturing & laboratory apparatus manufacturing, manufacturing, flammable materials, industrial equipment manufacturing, government, pharmaceuticals, hazardous location refrigeration, powder coat painting, protective apparel for critical applications, cryogenics storage hardware, product development, design / engineering, mechanical refrigeration, temperature-controlled equipment, data acquisition, temperature ranges from -196c to +70c, precise temperature control, full logistics, cryopreservation, cryogenics, research & development, research and development, b2b, private label programs, customer service, medical devices, temperature monitoring, hazardous materials, private label, full logistics solutions, healthcare, controlled temperature equipment, custom refrigeration solutions, temperature validation, metal fabrication, biotechnology, ventilation, heating, air-conditioning, and commercial refrigeration equipment manufacturing, custom refrigeration solutions for flammable materials, pharmaceutical, industrial, universities, medical, biotech, mechanical or industrial engineering, hospital & health care, health care, health, wellness & fitness, higher education, education, education management",http://www.linkedin.com/in/samreen-ansari,https://horizonscientific.com,http://www.linkedin.com/company/horizon-scientific-inc,"","",Summerville,South Carolina,United States,"125 Varnfield Dr, Summerville, South Carolina, United States, 29483",Summerville,South Carolina,United States,'+1 843-821-8010,"Cloudflare DNS, Outlook, Microsoft Office 365, Rackspace, Google Tag Manager, WordPress.org, Mobile Friendly, Nginx, Remote","","","","","","","",false,false,false,false,"",694369a32b894c00012b3eb9,694369a32b894c00012b3ee4,"","","","","","","","",""
Sushmitha,Sathyanarayanan,Software Development Engineer,MinIO,MinIO,sushmitha@minio.io,Verified,Apollo,Apollo,"",Not Catch-all,2025-12-18T02:42:05+00:00,Entry,Engineering & Technical,ranilo@popai.agency,"","","",'+1 844-356-4646,"",Cold,New_popai,"",ranilo@popai.agency,200,information technology & services,"multicloud, hybridcloud, datastore, datalakes, ai, ml, software development, information technology & services",http://www.linkedin.com/in/sushmitha-sathyanarayanan-b1261a166,https://min.io,http://www.linkedin.com/company/minio-inc-,https://facebook.com/Minio.io/,https://twitter.com/Minio,San Francisco,California,United States,"275 Shoreline Dr, Redwood City, California, United States, 94065-1404",Redwood City,California,United States,'+1 844-356-4646,"Cloudflare DNS, Gmail, Google Apps, Amazon AWS, DigitalOcean, Leadfeeder, React Redux, GitHub Hosting, Chargebee, Hubspot, AdRoll, DoubleClick Conversion, Google Tag Manager, Bing Ads, Google Analytics, Nginx, Varnish, Stripe, Google AdWords Conversion, WordPress.org, Ruby On Rails, CrazyEgg, DoubleClick, Linkedin Marketing Solutions, Google Dynamic Remarketing, Wistia, Twitter Advertising, Mobile Friendly, Reviews, Remote, AI, Android, Render, IoT, Snowflake",3500000,126300000,Series B,103000000,2022-01-01T00:00:00+00:00,"","",false,false,false,false,"",694369fb23cd0d0001fb7068,694369fb23cd0d0001fb7097,"","","","","","","","",""
Seetha,A,Engineer Software,BMX,BMX,"",Unavailable,"","","","","",Entry,Engineering & Technical,ranilo@popai.agency,"","","","","",Cold,New_popai,"",ranilo@popai.agency,350,retail,"",http://www.linkedin.com/in/seetha-a-55803416a,"",http://www.linkedin.com/company/bmx,"","",Philadelphia,Pennsylvania,United States,"Hemingway, South Carolina, United States, 29554",Hemingway,South Carolina,United States,"","","","","","","","","",false,false,false,false,"",694369a32b894c00012b3ebd,694369a32b894c00012b3ee8,"","","","","","","","",""
Nick,Titzler,Software / Data Engineer,Northbeam,Northbeam,nick.titzler@northbeam.io,Verified,Apollo,Apollo,"",Not Catch-all,2025-12-09T20:41:03+00:00,Entry,Engineering & Technical,ranilo@popai.agency,"","","",'+1 860-940-4569,"",Cold,New_popai,"",ranilo@popai.agency,91,information technology & services,"marketing analytics, marketing attribution, direct to consumer, ecommerce, technology, information & internet, ad spend analysis, performance lift prediction, dashboard customization, cross-channel impact, data integration, ad-level performance, campaign optimization, customer journey mapping, attribution models, data accuracy, services, b2c, bespoke device graph modeling, ad creative analysis, performance dashboards, performance benchmarks, d2c, forecasting, creative fatigue detection, retail, scenario forecasting, multi-touch conversion attribution, ad experiment analysis, conversion rate optimization, performance insights, performance reporting, seasonal ad buying, media mix modeling, growth optimization, data security, industry-leading ml models, customer segmentation, cookie-less attribution, real-time data, ad performance data, e-commerce, management consulting services, scenario planning, data analytics, channel analysis, first-party data, incrementality, machine learning, first-party device graph, incrementality without geo holdouts, ad platform integrations, budget optimization, omnichannel marketing, incremental lift, customer journey analysis, performance metrics, ad impact analysis across channels, marketing and advertising, performance measurement, privacy compliance, cross-channel attribution, api integrations, multi-touch attribution, information technology and services, conversion tracking, ad creative power analysis, unbiased marketing measurement, digital marketing, creative analytics, consumer products & retail, consumer internet, consumers, internet, information technology & services, enterprise software, enterprises, computer software, b2b, computer & network security, artificial intelligence, marketing & advertising",http://www.linkedin.com/in/nick-titzler-3181309b,https://northbeam.io,http://www.linkedin.com/company/northbeam,"",https://twitter.com/northbeam,New York,New York,United States,"San Francisco, California, United States",San Francisco,California,United States,'+1 860-940-4569,"Rackspace MailGun, Gmail, Google Apps, Amazon AWS, Netlify, Typeform, Webflow, Greenhouse.io, Vimeo, Open AdStream (Appnexus), Dropbox, Facebook Login (Connect), Hotjar, Cedexis Radar, Facebook Custom Audiences, Google Dynamic Remarketing, DoubleClick, Mobile Friendly, YouTube, Hubspot, Google Tag Manager, Linkedin Marketing Solutions, DoubleClick Conversion, Facebook Widget, Twitter Advertising, Adobe Media Optimizer, Knocommerce, Android, Render, Triple Whale, Attentive, Circle, Remote, Reviews, AI",2000000,44999976,Other,15000000,2025-10-01T00:00:00+00:00,"","",false,false,false,false,"",694369fb23cd0d0001fb7051,694369fb23cd0d0001fb7080,"","","","","","","","",""
Josh,Ho,Software Development Engineer,Andros,Andros,josh.ho@andros.co,Verified,Apollo,Apollo,"",Not Catch-all,2025-12-01T14:28:22+00:00,Entry,Engineering & Technical,ranilo@popai.agency,"","","",'+1 866-688-8881,"",Cold,New_popai,"",ranilo@popai.agency,150,hospital & health care,"medical credentialing software, cvo, credentialing verification orgainzation, direct medical credentialing, delegated medical credentialing, provider data management solution, provider network management, provider data, provider network development, medicare advantage, provider network monitoring, healthcare, health care information technology, hospitals, insurance companies, health care, hospitals & health care, provider network management platform, provider data governance, compliance, provider data integration, engineering services, healthcare analytics, provider onboarding platform, provider network performance dashboards, provider network growth strategies, provider credentialing workflows, provider credentialing workflows automation, provider data governance tools, provider data management system, provider network analytics dashboards, medical credentialing, provider credentialing system, healthcare technology, provider credential verification, provider network optimization, provider network scalability, provider network scalability tools, provider network compliance monitoring, innovation, healthcare network solutions, provider network analytics, provider network scalability solutions, risk management, provider data management platform, provider data validation, provider network analytics platform, compliance services, provider data accuracy, data-driven insights, provider onboarding automation, operational efficiency, provider credentialing, provider credentialing automation, provider network optimization strategies, provider network performance analytics, provider credentialing automation tools, provider recruitment, automation, provider network compliance, provider network optimization tools, provider network design, provider data accuracy tools, consulting, provider network growth, credentialing automation, provider data accuracy solutions, services, provider network consulting, provider onboarding, network development, government, b2b, healthcare provider data, provider data management, provider network efficiency, analytics, provider data validation tools, provider network compliance tools, provider network automation, provider risk assessment tools, provider network strategy, provider credentialing platform, provider data integration tools, ncqa-certified credentialing, provider network management software, provider risk management, credentialing, network lifecycle platform, provider network performance, provider credentialing verification, regulatory compliance, data analytics, provider network performance management, telehealth, credentialing services, cvo services, healthcare compliance, network design, provider contracting, network adequacy monitoring, provider relationships, strategic network development, end-to-end solutions, health plans support, telehealth services, provider organization partnerships, automated credentialing, provider profiles, compliance audits, committee management, healthcare market analysis, network performance optimization, data accuracy, primary source verification, provider engagement, automated workflows, network strategy, credentialing committee, provider approval management, customized solutions, cost reduction, nqca certification, healthcare data integration, provider directory accuracy, real-time analytics, provider experience enhancement, provider engagement automation, healthcare market expansion, compliance support services, network optimization insights, provider network transformation, health, wellness & fitness, hospital & health care, information technology & services",http://www.linkedin.com/in/josh-ho,https://andros.co,http://www.linkedin.com/company/weareandros,https://facebook.com/profile.php?id=100069837122354,https://twitter.com/weareandros,Boston,Massachusetts,United States,"50 West 23rd Street, New York, New York, United States, 10010",New York,New York,United States,'+1 866-688-8881,"Route 53, Rackspace MailGun, Gmail, Google Apps, Microsoft Office 365, Zendesk, Google Cloud Hosting, Mailchimp Mandrill, Outlook, WP Engine, Simpli.fi, WordPress.org, Bootstrap Framework, Google Tag Manager, Linkedin Marketing Solutions, YouTube, Google Dynamic Remarketing, Google Analytics, DoubleClick Conversion, DoubleClick, Mobile Friendly, Nginx, Hubspot, AdRoll, Hotjar, Google Font API, Android, Remote, AI, Render",20000000,28859603,Series B,14000000,2019-06-12T00:00:00+00:00,"","",false,false,false,false,"",694369fb23cd0d0001fb7055,694369fb23cd0d0001fb7084,"","","","","","","","",""
Sean,Laplante,Software Reverse Engineer,Assured Information Security (AIS),Assured Information Security,laplantes@ainfosec.com,Verified,Apollo,Apollo,"",Not Catch-all,2025-12-01T14:27:43+00:00,Entry,Engineering & Technical,ranilo@popai.agency,"","","",'+1 315-336-3306,"",Cold,New_popai,"",ranilo@popai.agency,180,defense & space,"cyber research, development, engineering, reverse engineering, computer science, programming, defense & space manufacturing, trusted systems, red teaming, cybersecurity for defense, secure products, consulting, cyber operations, cybersecurity for transportation, mission solutions, cyber defense, csfc solutions, cybersecurity tools, cybersecurity for military, cybersecurity for oems, risk management, multi-domain access, cybersecurity testing, ai/ml security, talent acquisition, b2b, cybersecurity training, threat detection, cybersecurity open source projects, cyber payload testing, cyber payload demonstration, government cybersecurity, cyber risk management, computer systems design and related services, cybersecurity for heavy trucking, cyber threat hunting, government, it consulting, services, cloud security, cybersecurity research, cybersecurity consulting, cybersecurity development, cybersecurity innovation, cybersecurity for government platforms, cybersecurity for aerospace, software development, ai/ml red teaming, threat assessment, cyber technology, cyber incident response, adversarial testing, risk assessment, government defense, network security, employee benefits, information technology, cyber defense solutions, cybersecurity patents, cybersecurity solutions, cybersecurity services, penetration testing, secure product consulting, virtualization security, cybersecurity for critical infrastructure, cybersecurity, research and development, software engineering, ai adversarial testing, advanced research, cyber threat mitigation, threat modeling, education, information technology & services, management consulting, computer & network security, research & development, professional services",http://www.linkedin.com/in/sean-laplante-207b9a3a,https://ainfosec.com,http://www.linkedin.com/company/assured-information-security-inc.,https://www.facebook.com/assuredinfosec/,https://twitter.com/ainfosec,Rome,New York,United States,"153 Brooks Road, Rome, New York, United States, 13441",Rome,New York,United States,'+1 315-336-3306,"Microsoft Office 365, Google Cloud Hosting, Amazon AWS, VueJS, WP Engine, Python, reCAPTCHA, Google Font API, Cedexis Radar, UltiPro, Adobe Media Optimizer, Google AdSense, WordPress.org, Google Tag Manager, DoubleClick, Google Maps (Non Paid Users), Nginx, Vimeo, YouTube, Mobile Friendly, Google Maps, Remote",70800000,269344,Venture (Round not Specified),89344,2015-03-01T00:00:00+00:00,"","",false,false,false,false,1,694369fb23cd0d0001fb7064,694369fb23cd0d0001fb7093,"","","","","","","","",""
Ali,Shokri,Engineer Software,Iran Software & Hardware Co. (NOSA),Iran Software & Hardware,"",Unavailable,"","","","","",Entry,Engineering & Technical,ranilo@popai.agency,"","","","","",Cold,New_popai,"",ranilo@popai.agency,74,information technology & services,"radio frequency identification solutions, content management solutions, web content management system, enterprise content management solutions, accounting solutions, business solutions, rfid solutions, enterprise resource planning solutions, software development, information technology & services",http://www.linkedin.com/in/ali-ehsan-shokri-74bb77166,https://nosa.com,http://www.linkedin.com/company/nosasoft,"","",New York,New York,United States,Iran,"","",Iran,"","Cloudflare DNS, Gmail, Google Apps","","","","","","","",false,false,false,false,"",694369a32b894c00012b3ebc,694369a32b894c00012b3ee7,"","","","","","","","",""
Sumana,Madhireddy,Software Development Engineer,Benderson Development,Benderson Development,sumanamadhireddy@benderson.com,Verified,Apollo,Apollo,"",Not Catch-all,2025-11-28T19:06:34+00:00,Entry,Engineering & Technical,ranilo@popai.agency,"","","",'+1 941-359-8303,"",Cold,New_popai,"",ranilo@popai.agency,370,real estate,"real estate acquisition, development, property management, leasing, construction, real estate, retail, office, industrial, philanthropy, multi-family residential properties, office buildings, property portfolio management, market influence, economic development, commercial property management, enclosed mall development, community-focused development, sports and recreation facilities, world-class rowing facility, large-scale projects, property investment, retail hubs, industrial warehouses, property leasing, retail leasing expertise, portfolio management, philanthropic real estate, large-scale retail projects, mall at utc, medical office parks, property development, long-term holdings, residential properties, real estate development, community engagement in development, real estate sectors, b2b, property operations, urban renewal projects, utc district transformation, mixed-use developments, industrial park development, hospitality properties, retail and office synergy, regional influence, construction management, property maintenance, philanthropic efforts, diversified portfolio, regional real estate influence, community development projects, property portfolio, property leasing services, property ownership, real estate assets, asset management, notable projects, real estate investment strategy, retail development, luxury residential developments, retail hub development, geographic footprint, lessors of nonresidential buildings (except miniwarehouses), long-term property owner, financial strength, hotel development and management, government, retail tenants, sarasota market, real estate investment, long-term real estate strategy, industrial facilities, mixed-use development, regional development, community involvement, real estate portfolio, residential, community support, industrial and warehouse facilities, hotel management, asset ownership, hospitality, commercial real estate, public space development, retail centers, property management services, long-term ownership, private company, real estate strategy, community engagement, retail anchor tenants, hotel operators, regional market leader, property ownership model, nathan benderson park, urban development, mixed-use retail and residential, medical offices, long-term investment, public-private partnerships, residential development, grocery-anchored centers, shopping centers, warehouse space, industrial parks, office space, medical office, net leases, retail environments, community development, property acquisition, professional leasing, property renovation, first-to-market retailers, regional shopping destinations, mixed-use properties, tenant engagement, community resources, operational excellence, market expansion, tenant services, award-winning hotels, sustainable development, financial investment, occupancy rates, property marketing, corporate headquarters, business parks, development strategy, real estate partnerships, community impact, building management, commercial leases, market analysis, investor relations, non-profit, consumer products & retail, construction & real estate, enterprise software, enterprises, computer software, information technology & services, leisure, travel & tourism, sustainability, environmental services, renewables & environment, nonprofit organization management",http://www.linkedin.com/in/sumana-madhireddy,https://bendersondevelopment.com,http://www.linkedin.com/company/benderson-development,https://facebook.com/bendersondevelopmentcompany,"",Buffalo,New York,United States,"7978 Cooper Creek Boulevard, Florida, United States, 34201","",Florida,United States,'+1 941-359-8303,"Wordpress.com, Route 53, Outlook, Microsoft Office 365, Amazon AWS, DNS Made Easy, Google Font API, WordPress.org, Nginx, UltiPro, Mobile Friendly, Google Tag Manager, Remote",425000000,"","","","","","",false,false,false,false,"",694369a32b894c00012b3ec2,694369a32b894c00012b3eed,"","","","","","","","",""
Richard,Phillips,Engineer Software,"Eng-Wong, Taub & Associates",Eng-Wong Taub & Associates,"",Unavailable,"","","","","",Entry,Engineering & Technical,ranilo@popai.agency,"","","",'+1 617-924-1770,"",Cold,New_popai,"",ranilo@popai.agency,200,civil engineering,"traffic, transportation, transit, bus, rail, ferry, bicycle, pedestrian, parking, survey, research, safety, geospatial data analysis, project management, resiliency planning, multidisciplinary services, consulting, urban resilience strategies, digital project delivery, digital solutions, engineering services, electric vehicle planning, urban resilience, energy solutions, gis mapping, geospatial data, construction & real estate, stormwater management, wind farm siting, sustainable solutions, grant support, gis software, transportation safety, sustainability, environmental permitting, transportation modeling, services, ev fleet planning, climate resilience, integrated approach, ev infrastructure, infrastructure resilience, environmental forensics, public sector consulting, community engagement, energy & utilities, artificial intelligence, geospatial gis solutions, private development support, shoreline stabilization, smart infrastructure design, mobility solutions, stormwater runoff, hazardous materials, gis and geospatial analysis, hazardous materials assessment, stormwater engineering, arcgis, public and private clients, gis consulting, climate adaptation, grant funding support, geospatial technology, design, transportation engineering, environmental impact, climate vulnerability, public outreach, asset management, stormwater runoff analysis, land development, government, digital twin, transportation & logistics, energy transition, public consultation, infrastructure, cultural resources, community planning, stormwater design, transportation planning, real estate, environmental consulting, cultural resources assessment, urban design, bikeway planning, data analytics, b2b, wind energy siting, digital twin technology, environmental impact assessment, hazardous materials investigation, civil engineering, smart infrastructure, engineering, urban planning, climate vulnerability assessment, grant funding research, environmental services, pedestrian infrastructure, geospatial analysis, renewable energy, wind farm development, climate change adaptation, infrastructure design, environmental planning, smart communities, federal government, state governments, local governments, corporate sustainability, esg solutions, healthy mobility, electrification, asset repositioning, grant funding, alternative delivery methods, data visualization, transportation infrastructure, integrated solutions, bikeway design, environmental impact assessments, site evaluation, traffic engineering, community development, higher education projects, healthcare facility planning, cultural facility design, mixed-use development, real estate services, institutional planning, technology solutions, resilient design, construction monitoring, federal regulatory compliance, environmental governance, diversity and inclusion, productivity, information technology & services, renewables & environment, clean energy & technology",http://www.linkedin.com/in/richard-phillips-94b343167,"",http://www.linkedin.com/company/eng-wong-taub-&-associates,https://www.facebook.com/VHBNow,https://twitter.com/VHBnow,Alabaster,Alabama,United States,"2 Penn Plz, New York, New York, United States, 10001",New York,New York,United States,'+1 617-924-1770,"",385000000,"","","","","","",false,false,false,false,"",694369a32b894c00012b3ec1,694369a32b894c00012b3eec,"","","","","","","","",""
Sara,Saad,Engineer Software,Aram Designs,Aram Designs,"",Unavailable,"","","","","",Entry,Engineering & Technical,ranilo@popai.agency,"","","",'+1 202-465-2749,"",Cold,New_popai,"",ranilo@popai.agency,31,graphic design,"design consulting, business card design, presentation design, wayfinding design, website design, brand analysis, interactive design, graphics in environment, signage design, graphic design production, publication design, information design, flyer design, visual problem solvers, branding & identity, content marketing, web design, website development, modern design, services, art direction, copywriting, social media management, staff training, advertising & marketing, motion graphics, logo design, consulting, tailored design solutions, packaging design, branding, brand identity, environmental graphics, interactive presentations, graphic design services, timeless design, graphic design, user interface design, b2b, social media marketing, print design, design consultation, digital advertising, marketing & advertising, web development, information technology & services, writing & editing, consumer internet, consumers, internet, advertising, professional services",http://www.linkedin.com/in/sara-saad-28a8b7166,https://aramdesigns.com,http://www.linkedin.com/company/aram-designs,"","",Portland,Oregon,United States,"23 Crescent Rd, Scenery Hill, Pennsylvania, United States, 15360",Scenery Hill,Pennsylvania,United States,'+1 202-465-2749,"Blue Host, Android, Circle, IoT, Node.js","","","","","","","",false,false,false,false,1,694369a32b894c00012b3ec4,694369a32b894c00012b3eef,"","","","","","","","",""
Nisarg,Patel,Software Development Engineer,Magnify,Magnify,nisarg@magnify.io,Verified,Apollo,Apollo,"",Not Catch-all,2025-12-04T22:52:44+00:00,Entry,Engineering & Technical,ranilo@popai.agency,"","","","","",Cold,New_popai,"",ranilo@popai.agency,24,information technology & services,"software development, post-sales automation, growth engine, growth motions, growth at scale, ai-driven forecasting, automated customer motions, automated campaigns, multi-channel engagement, revenue growth automation, scalable customer success, customer lifecycle automation, no-code integration, customer lifecycle management, automate customer success, customer success software, crm software, revenue forecasting, product adoption, data analytics, crm integration, behavioral analytics, roi measurement, personalization at scale, ai customer growth agent, computer systems design and related services, ai for gtm teams, growth automation, b2b, automation, digital customer success, revenue impact, churn prevention, data-driven insights, software as a service (saas), predictive modeling, behavioral triggers, product telemetry, multi-platform automation, b2b saas, ai automation, predictive analytics, services, customer retention, customer success, personalized user engagement, ai-powered retention, user behavior analysis, ai insights, customer segmentation, information technology & services, enterprise software, enterprises, computer software",http://www.linkedin.com/in/patelnisargk,https://magnify.io,http://www.linkedin.com/company/magnifytech,"","",Seattle,Washington,United States,"999 3rd Ave, Seattle, Washington, United States, 98104-1105",Seattle,Washington,United States,"","Cloudflare DNS, Route 53, Gmail, Google Apps, Webflow, Hubspot, Mobile Friendly, Google Tag Manager, Vimeo, Render, AI, Remote, Gainsight","",11999998,Other,5999998,2024-02-01T00:00:00+00:00,"","",false,false,false,false,"",694369fb23cd0d0001fb7053,694369fb23cd0d0001fb7082,"","","","","","","","",""
Yashwanth,Kolla,Software Development Engineer,Spartan Camera,Spartan Camera,yashwanth.kolla@spartancamera.com,Verified,Apollo,Apollo,"",Not Catch-all,2025-12-04T06:13:22+00:00,Entry,Engineering & Technical,ranilo@popai.agency,"","","",'+1 770-582-0004,"",Cold,New_popai,"",ranilo@popai.agency,35,sporting goods,"outdoors, security, hunting, trail cameras, hunting cameras, game hunting, whitetail hunting, predator control, wildlife management, wildlife, turkey hunting, wildlife observation, wildlife conservation, cellular trail cameras, sporting goods manufacturing, cellular scouting, real-time alerts, solar compatible, landscape monitoring camera, land management camera, remote firmware upgrade, consumer electronics, security and surveillance, battery operated camera, 4g/lte trail cameras, trail camera, gps tracking, computer and peripheral equipment manufacturing, night vision, remote firmware management, land security camera, manufacturing, outdoor security, game camera, outdoor and recreational equipment, remote firmware updates, hunting land surveillance, durable outdoor cameras, anti-theft gps, cellular camera, wireless trail camera, hunting camera, high-resolution images, b2b, camera firmware update, motion detection, cellular data plans, real-time image transmission, cellular scouting cameras, accessories, trail camera accessories, remote monitoring, high durability outdoor camera, hunting trail cameras, video transmission, game pattern monitoring, cloud storage, outdoor security cameras, mobile app control, e-commerce, industry-leading features, remote camera management, photo and video capture, b2c, outdoor_security, cellular_camera, trail_camera, remote_management, 4g lte, outdoor_land_monitoring, consumers, hardware, mechanical or industrial engineering, consumer internet, internet, information technology & services",http://www.linkedin.com/in/yashkolla007,https://spartancamera.com,http://www.linkedin.com/company/spartan-camera,https://www.facebook.com/spartancamera,https://twitter.com/spartancamera,Atlanta,Georgia,United States,"11420 Johns Creek Pkwy, Johns Creek, Georgia, United States, 30097-1518",Johns Creek,Georgia,United States,'+1 770-582-0004,"Route 53, Amazon SES, Gmail, Google Apps, Amazon AWS, VueJS, accessiBe, Recharge Payments, FedEx, Shopify Plus, Google Maps (Non Paid Users), Zopim, Typekit, Adobe Media Optimizer, Klaviyo, Vimeo, Facebook Widget, Facebook Login (Connect), Shopify, Google Analytics, Bootstrap Framework, DoubleClick, Mobile Friendly, Shutterstock, Google Play, Cedexis Radar, Google Maps, WordPress.org, Bing Ads, JQuery 1.11.1, Google Font API, Google Dynamic Remarketing, YouTube, DoubleClick Conversion, Google Tag Manager, Facebook Custom Audiences, Circle, Render, Reviews, AI",5000000,"","","","","","",false,false,false,false,"",694369fb23cd0d0001fb7057,694369fb23cd0d0001fb7086,"","","","","","","","",""
Nikhil,Nagarapu,Software Automation Engineer,Urgently,Urgently,nnagarapu@geturgently.com,Verified,Apollo,Apollo,"","",2025-12-01T14:29:35+00:00,Entry,Engineering & Technical,ranilo@popai.agency,"","","",'+1 571-350-3600,"",Cold,New_popai,"",ranilo@popai.agency,190,automotive,"on demand mobile services, mobile apps, roadside assistance, towing services, global digital roadside assistance solutions, mobility assistance, connected vehicles, connected mobility assistance services, mobile, automotive, location based services, transportation, information technology, edp services, technology, motor vehicle manufacturing, vehicle assistance, mobility assistance platform, customer experience, services, automotive oem solutions, machine-to-machine communication, disaster recovery, real-time incident management, b2c, computer systems design and related services, connected car services, electric vehicle towing, digital payments, telematics integration, mobile app, service provider network, b2b, digital roadside assistance, location-based services, fleet management, cloud integration, automotive services, ai-powered dispatch, incident tracking, transportation equipment manufacturing, information technology & services, ai, mobile assistance, car lockout, fuel delivery, flat tire service, jump start services, winch services, motorcycle towing, real-time tracking, dispatching platform, service request, digital platform, customer satisfaction, ai integration, analytics and reporting, multi-party notifications, proactive maintenance, call center services, innovative solutions, hassle-free payment, on-demand assistance, transparency in service, service management, connected services, technology integration, network of professionals, real-time data, api integrations, seamless communication, vehicle recovery, quick response service, insurance partnerships, automotive solutions, national coverage, customer loyalty, premium experience, service transparency, service quality, data-driven insights, industry leading technology, transportation & logistics, internet, transportation/trucking/railroad",http://www.linkedin.com/in/nikhil-nagarapu,https://geturgently.com,http://www.linkedin.com/company/urgently,https://www.facebook.com/geturgently,https://twitter.com/geturgently,Toledo,Ohio,United States,"8609 Westwood Center Dr, Vienna, Virginia, United States, 22182-1882",Vienna,Virginia,United States,'+1 571-350-3600,"Amazon SES, Mailchimp Mandrill, Outlook, Pardot, Braintree, Zendesk, Amazon AWS, Route 53, Gmail, Google Apps, Facebook Conversion Tracking, Atlassian Cloud, Webflow, Sophos, React Redux, Akamai RUM, Salesforce, MailChimp, Mobile Friendly, reCAPTCHA, Google Font API, Google Tag Manager, Google Maps, PubNub, Google Analytics, Remote, AI, Android",142905000,"","","","","","",false,false,false,false,"",694369fb23cd0d0001fb7061,694369fb23cd0d0001fb7090,"","","","","","","","",""
Manali,Tawar,Software Development Engineer,iClassPro - Class Management Software,iClassPro,mtawar@iclasspro.com,Verified,Apollo,Apollo,"","",2025-12-06T05:00:54+00:00,Entry,Engineering & Technical,ranilo@popai.agency,"","","",'+1 877-554-6776,"",Cold,New_popai,"",ranilo@popai.agency,94,information technology & services,"online class registration, enrollment billing & management, gym software, cheerleading software, class management software, class software, cheer software, swimming class management software, swim registration software, gymnastics registration software, cheer registration software, best online class management software, online class management software, class management software solution, cloudbased software, classbased management software, childrens activity center class management software, dance registration software, dance class management software, payment processing, merchant processing, software development, information technology & services, active life, gymnastics",http://www.linkedin.com/in/manalitawar,https://iclasspro.com,http://www.linkedin.com/company/iclasspro-inc-,https://facebook.com/iClassPro,https://twitter.com/iclasspro,"","",United States,"L L Mackey Pkwy, Longview, Texas, United States, 75605",Longview,Texas,United States,'+1 877-554-6776,"Route 53, Outlook, Microsoft Office 365, Amazon AWS, Cloudflare DNS, CloudFlare Hosting, Microsoft Application Insights, Atlassian Cloud, Apache, Remote",5000000,"","","","","","",false,false,false,false,2,694369a32b894c00012b3ec3,694369a32b894c00012b3eee,"","","","","","","","",""
Sahil,Pambhar,Software Development Engineer,Curantis Solutions,Curantis Solutions,sahil.pambhar@curantissolutions.com,Verified,Apollo,Apollo,"","",2025-12-14T04:33:34+00:00,Entry,Engineering & Technical,ranilo@popai.agency,"","","",'+1 855-842-4066,"",Cold,New_popai,"",ranilo@popai.agency,54,information technology & services,"software development, cloud-native architecture, care coordination tools, workflow automation, care management platform, palliative care management, clinical documentation, palliative care software, cloud-based software, operational efficiency, care coordination, care team notifications and alerts, patient outcome analytics, real-time care access, patient management, services, visit documentation guided workflows, care team collaboration tools, real-time patient data, hospice care, care plan management, cloud-based healthcare software, patient care coordination, performance metrics, end-of-life care software, visit workflow management, visit documentation, healthtech, operational analytics, data analytics, regulatory adherence, advanced analytics, idg/idt workflow automation, care plan updates during visits, seamless transition between hospice and palliative care, real-time reporting, healthcare technology, caregiver support tools, b2b, medical software, idg/idt workflows, billing automation, computer systems design and related services, palliative care visit complexity tracking, healthcare software, care delivery optimization, patient outcome tracking, billing and revenue cycle, care plan documentation, care plan customization, hipaa compliance, hospice care software, real-time data access, regulatory compliance, operational insights, compliance workflows, regulatory compliance workflows, caregiver tools, advanced care planning integration, palliative care, quality metrics tracking, data security, hospice software, billing and revenue cycle management, caregiver support platform, billing codes management, care team collaboration, care provider efficiency, workflow automation in healthcare, healthcare, information technology & services, computer & network security, health care, health, wellness & fitness, hospital & health care",http://www.linkedin.com/in/sp3030,https://curantissolutions.com,http://www.linkedin.com/company/curantis-solutions,https://facebook.com/curantissolutions,https://twitter.com/curantishms,New York,New York,United States,"3939 Belt Line Rd, Addison, Texas, United States, 75001-4306",Addison,Texas,United States,'+1 855-842-4066,"Outlook, Microsoft Office 365, Flywheel, Render, Remote",3000000,1000000,Venture (Round not Specified),400000,2018-08-01T00:00:00+00:00,"","",false,false,false,false,"",694369fb23cd0d0001fb705a,694369fb23cd0d0001fb7089,"","","","","","","","",""
Vibhanshu,Jain,Software Application Engineer,Bose Professional,Bose Professional,vibhanshu.jain@boseprofessional.com,Verified,Apollo,Apollo,"","",2025-11-24T15:27:23+00:00,Entry,Engineering & Technical,ranilo@popai.agency,"","","",'+1 800-576-1503,"",Cold,New_popai,"",ranilo@popai.agency,240,electrical/electronic manufacturing,"computers & electronics manufacturing, deltaq array technology, venue sound systems, retail, audio coverage, weather-rated loudspeakers, outdoor weatherproof speakers, sound reinforcement, audio electronics, customizable coverage patterns, amplifiers, sound system scalability, audio system software, sound system integration, innovation, sound system automation, sound system for sports venues, array loudspeakers, venue acoustics, digital signal processing, sound system management, audio and video equipment manufacturing, software tools, venue-specific sound solutions, conferencing systems, audio system components, sound coverage, integrated control software, directional loudspeakers, system control, audio system reliability, audio system configuration, b2b, coverage configurability, acoustic engineering, modular column arrays, government, outdoor sound systems, public address systems, arrayable loudspeakers, sound system design software, sound system for houses of worship, loudspeakers, installations, software design tools, customer experience, audio system customization, compact installation solutions, high-fidelity sound, audio system calibration, immersive sound technology, audio system optimization, reliable audio systems, wireless audio systems, sound quality, high-output portable arrays, professional audio, audio system troubleshooting, audio system monitoring, scalable audio systems, multi-purpose loudspeakers, system design, sound system accessories, easy installation, indoor sound systems, landscape audio, software modeling, conference & event services, professional sound systems, multi-zone audio, audio system integration tools, audio equipment manufacturing, sound clarity, services, system integration, performance audio, sound systems, power amplifiers, live performance, conference solutions, videobars, portable pa, loudspeaker design, sound processing, acoustic modeling, installation solutions, wireless pa systems, subwoofers, acoustic performance, signal processing, installation accessories, multi-use loudspeakers, digital steering, loudspeaker accessories, design software, controlspace, remote control, configuration utility, power management, audio solutions, corporate audio, education audio, hospitality audio, retail audio, fitness audio, worship audio, sports audio, vocal intelligibility, modular design, compact enclosures, weather-resistant loudspeakers, beam steering, end-user control software, zoned music, customized audio systems, audiopack systems, immersive sound experiences, education, distribution, electrical/electronic manufacturing, mechanical or industrial engineering, audio & video equipment manufacturing",http://www.linkedin.com/in/vibhanshu-jain,https://boseprofessional.com,http://www.linkedin.com/company/bose-professional,"","",Boston,Massachusetts,United States,"117 South St, Hopkinton, Massachusetts, United States, 01748-2206",Hopkinton,Massachusetts,United States,'+1 800-576-1503,"NetSuite, Amazon CloudFront, Route 53, MessageGears, Outlook, Microsoft Office 365, Amazon AWS",106000000,"","","","","","",false,false,false,false,"",694369a32b894c00012b3ebe,694369a32b894c00012b3ee9,"","","","","","","","",""
Abhi,Sondagar,Software/Computer Engineer,"Crysalis Biosciences, Inc.",Crysalis Biosciences,asondagar@crysalisbio.com,Verified,Apollo,Apollo,"",Catch-all,2025-12-14T03:35:51+00:00,Entry,Engineering & Technical,ranilo@popai.agency,"","","",'+1 706-223-0530,"",Cold,New_popai,"",ranilo@popai.agency,24,chemicals,"chemical manufacturing, animal feed, renewable feedstock, precision controls, modular biomanufacturing, consulting, biofuels, bioproducts, pharmaceutical-grade solvents, transportation & logistics, government, integrated analytics, emissions reduction, liquefied co2, atj pathway, energy & utilities, biogenic co2 liquefaction, low-carbon ethanol, biorefinery, b2b, decarbonization, biomass processing, sustainable fuels, carbon capture, scalability, pharmaceutical solvents, bioprocess innovation, efficiency, manufacturing, process optimization, co-products, services, protein-rich co-products, biorefining, low carbon intensity, bioproduct diversification, proprietary technology, distillers corn oil, sustainable aviation fuel, sustainable aviation fuel development, bioprocessing, industrial asset repurposing, industrial transformation, biomanufacturing, industrial infrastructure, next-generation biorefining, biogenic co2, renewable energy, other basic organic chemical manufacturing, ethanol production, ethanol, chemicals, clean energy & technology, environmental services, renewables & environment, mechanical or industrial engineering",http://www.linkedin.com/in/abhi-sondagar,https://crysalisbio.com,http://www.linkedin.com/company/crysalisbio,"","","","",United States,"231 Monsanto Ave, Sauget, Illinois, United States, 62201-1010",Sauget,Illinois,United States,'+1 706-223-0530,"Gmail, Outlook, Google Apps, Microsoft Office 365, Google Font API, WordPress.org, Mobile Friendly, Squarespace ECommerce, reCAPTCHA, Shutterstock","","","","","","","",false,false,false,false,"",694369a32b894c00012b3ec5,694369a32b894c00012b3ef0,"","","","","","","","",""
Sasha,Rudolf,Software & Controls Engineer,Mytra,Mytra,sasha@mytra.ai,Verified,Apollo,Apollo,"",Not Catch-all,2025-11-18T16:34:44+00:00,Entry,Engineering & Technical,ranilo@popai.agency,"","","",'+1 650-539-8070,"",Cold,New_popai,"",ranilo@popai.agency,170,machinery,"automation machinery manufacturing, b2b, automation scalability, robotic material transfer, digital transformation, instant reconfiguration, material handling robots, multi-layer storage structure, high throughput logistics, resilient automation, scalable warehouse system, machine learning, ai-driven conflict resolution, modular storage architecture, ai, software configurability, sensor fusion, e-commerce, parallel processing, system reconfiguration, logistics, density optimization, software-centric automation, ai-driven logistics, robot control software, full stack perception, software-defined material flow, full stack perception system, inventory management, robotic material movement, modular robot architecture, vertical mobility robots, adaptive workflow management, inventory conflict resolution, warehouse density, vertical payload movement, ai continuous learning, dynamic path planning, distributed robotics, multi-robot coordination, scalable industrial robots, gyroscope sensors, ai software optimization, integrated perception and control, route optimization, robotics, vision systems, space optimization, logistics efficiency, payload management, retail, resilience in automation, payload handling, natural language processing, scalable storage matrix, vertical movement robots, software as a system backbone, edge computing, warehouse automation, distribution, system adaptability, robot navigation, ai-based route simulation, flexible storage solutions, material flow automation, material handling equipment manufacturing, multi-application robotics, worm gear drive, services, ai in manufacturing, ai-powered logistics, warehouse productivity, system reliability, autonomous bots, flexible storage cells, supply chain, collision avoidance ai, manufacturing, modular robotics, software-defined robotics, dynamic warehouse reshaping, self-healing system, flexible warehouse design, dynamic reconfiguration, wireless communication, industrial robotics, cost reduction automation, robotic warehouse system, robotics system, 3d lattice structure, intuitive operator interface, parallelized bot movement, manufacturing automation, full 3d movement, material flow, automation solutions, productivity, flexible robotics, high throughput, 3d structure, dynamic parallelization, self-healing systems, warehouse efficiency, cost-effective automation, task optimization, real-time adaptation, software-defined automation, cellular robotics, flexible design, pallet handling, case picking, cross docking, dock buffering, high-density storage, site scalability, intuitive automation, inventory slotlessness, aisle-less warehouses, reliability in automation, transport logistics, adaptive robotics, payload flexibility, 3-axis motion, software interface, robot self-configuration, economic productivity, redundancy in systems, human-robot collaboration, onsite automation, material handling solutions, high uptime, support for multi-modal operations, total network automation, low-latency communication, optimized workforce management, consumer products & retail, transportation & logistics, artificial intelligence, information technology & services, consumer internet, consumers, internet, mechanical or industrial engineering",http://www.linkedin.com/in/sasharudolf,https://mytra.ai,http://www.linkedin.com/company/mytra-ai,"","",San Francisco,California,United States,"427 Valley Dr, Brisbane, California, United States, 94005-1209",Brisbane,California,United States,'+1 650-539-8070,"Cloudflare DNS, Gmail, Google Apps, Microsoft Office 365, CloudFlare Hosting, Google Tag Manager, Mobile Friendly, WordPress.org, Remote, Circle","","","","","","","",false,false,false,false,"",694369a32b894c00012b3eca,694369a32b894c00012b3ef5,"","","","","","","","",""
Niharika,Patil,Software Development Engineer,Verity Solutions,Verity Solutions,npatil@verity340b.com,Verified,Apollo,Apollo,"",Catch-all,2025-12-18T02:40:36+00:00,Entry,Engineering & Technical,ranilo@popai.agency,"","","",'+1 800-581-1378,"",Cold,New_popai,"",ranilo@popai.agency,150,hospital & health care,"340b, specialty contract pharmacy, infusion management, pharmacy supply chain, 340b program management, inventory management, own use program, 340b referral capture, 340b split billing, 340b contract pharmacy, contract pharmacy gateway solution vhub, pharmacy purchase optimization, hospitals & health care, hospital & health care",http://www.linkedin.com/in/niharikapatil,https://verity-solutions.com,http://www.linkedin.com/company/veritysolutions,"","",San Jose,California,United States,"12131 113th Ave NE, Kirkland, Washington, United States, 98034",Kirkland,Washington,United States,'+1 800-581-1378,"Microsoft Office 365, Marketo",83200000,"","","","",Express Scripts Pharmacy Benefit Services (express-scripts.com),"",false,false,false,false,"",694369a32b894c00012b3ecc,694369a32b894c00012b3ef7,"","","","","","","","",""
Michalie,Mazurkivich,Software Development Engineer,Auger,Auger,michalie@auger.com,Verified,Apollo,Apollo,"","",2025-11-26T07:47:51+00:00,Entry,Engineering & Technical,ranilo@popai.agency,"","","",'+49 211 843600,"",Cold,New_popai,"",ranilo@popai.agency,95,information technology & services,"software development, b2b, innovation, supply chain sustainability, supply chain, government, engineering services, ai-powered os, inventory management, digital transformation, real-time insights, operational efficiency, end-to-end supply chain, user experience, machine learning, supply chain platform, supply chain management, data unification, supply chain analytics, automation, sustainability, supply chain optimization, ai automation, supply chain software, supply chain automation tools, supply chain automation, deep system integration, supply chain decision support, supply chain industry transformation, human-centered supply chain, business intelligence, services, predictive analytics, transportation & logistics, data security, distribution, information technology & services, ux, artificial intelligence, logistics & supply chain, environmental services, renewables & environment, analytics, enterprise software, enterprises, computer software, computer & network security",http://www.linkedin.com/in/michalie-mazurkivich,https://auger.com,http://www.linkedin.com/company/augerinc,"","",Seattle,Washington,United States,"Bellevue, Washington, United States",Bellevue,Washington,United States,'+49 211 843600,Outlook,"","","","","","","",false,false,false,false,"",694369a32b894c00012b3eb7,694369a32b894c00012b3ee2,"","","","","","","","",""
Zaza,Zazi,Engineer Software,Sola,Sola,"",Unavailable,"","","","","",Entry,Engineering & Technical,ranilo@popai.agency,"","","",'+1 718-782-2823,"",Cold,New_popai,"",ranilo@popai.agency,260,financial services,"credit card processing, merchant services, payment processing, ecommerce, pci compliance, pos systems, high risk merchants, mcommerce, contactless payments, payment gateway, payments, unattended retail, payfac, transaction management, merchant support teams, white-label payment solutions, level 2/3 data, payment processing rates, cost reduction, cloud payments, automated reconciliation, merchant onboarding tools, contactless nfc payments, merchant dashboard, payment cost savings, transaction optimization, developer support, financial services, data analytics, partner program, payment analytics, financial transactions processing, reserve, and clearinghouse activities, payment link generation, mobile payments, payment compliance, white-glove service, digital wallets, payment automation, online payments, omnichannel commerce, payment apis, b2b, api-driven payments, payment data analytics, unified payment platform, payment hardware, payment links, interchange optimization, payment data, pos solutions, digital wallet acceptance, merchant onboarding, merchant residual income, tokenization, merchant revenue growth, scalable payments, interchange fee reduction, api sdks, custom checkout design, e-commerce, fraud detection, api integration, multi-channel transaction management, cloud-based platform, merchant support, secure payment gateway, payment security, level 2/3 data processing, software publishing, d2c, data insights, payment integration, contactless tap-to-pay, in-store payments, payment security technology, automated fraud screening, residual income, information technology, payment plugins, merchant management portal, mobile sdks, custom integrations, recurring billing, chargeback alerts, payment solutions, payment optimization, chargeback management, android tap-to-pay, omnichannel payments, merchant portal, pci dss, customer experience, payment trends, merchant account management, payment industry innovation, payment compliance solutions, fraud protection, services, risk management, interchange optimization (iqm), payfac-as-a-service, level 3 data processing, multi-currency processing, retail, multi-channel payments, merchant onboarding automation, payment industry, payment hardware integration, in-person payments, billing, invoicing, omnichannel solutions, security, mobile app, easy integration, recurring payments, subscription management, integrated payments, customized billing, unified commerce, point of sale solutions, mobile pos, checkout solutions, diverse payment methods, e-commerce integration, revenue sharing, cost optimization, marketing collateral, retail payments, transaction security, emv payments, nfc payments, fraudwatch, customer loyalty, flexible api, sandbox environment, customer support, integration with existing systems, merchants onboarding, payment methods acceptance, data-driven growth, payment customization, reporting and analytics, intuitive design, finance, consumer products & retail, consumer internet, consumers, internet, information technology & services, computer & network security, mobile apps",http://www.linkedin.com/in/zaza-zazi-b911b5167,https://solapayments.com,http://www.linkedin.com/company/sola-payments,https://facebook.com/FidelityPaymentServices,https://twitter.com/fidelitypayment,Lima,Ohio,United States,"141 Flushing Avenue, New York, United States, 11205","",New York,United States,'+1 718-782-2823,"Route 53, Amazon SES, Sendgrid, Outlook, MailChimp SPF, Microsoft Office 365, CloudFlare Hosting, Gmail, Google Apps, Google Cloud Hosting, Mailchimp Mandrill, Pardot, CloudFlare, WP Engine, AWS SDK for JavaScript, React, Webflow, Drupal, Mobile Friendly, Gravity Forms, Google Tag Manager, Google Font API, reCAPTCHA, WordPress.org, Facebook Widget, Bootstrap Framework, FullStory, Google Play, Google AdWords Conversion, DoubleClick, DoubleClick Conversion, Wufoo, Google Dynamic Remarketing, Facebook Login (Connect), Nginx, Linkedin Marketing Solutions, Facebook Custom Audiences, Google Analytics, Android, Remote, Attentive, Discord, Reviews",18000000,"",Other,"",2022-07-01T00:00:00+00:00,"","",false,false,false,false,"",694369a32b894c00012b3ec9,694369a32b894c00012b3ef4,"","","","","","","","",""
Bryce,Toth,Software Audio Engineer,Beats by Dre,Beats by Dre,bryce.toth@beatsbydre.com,Verified,Apollo,Apollo,"",Not Catch-all,2025-12-18T02:42:05+00:00,Entry,Engineering & Technical,ranilo@popai.agency,"","","",'+1 408-996-1010,"",Cold,New_popai,"",ranilo@popai.agency,490,electrical/electronic manufacturing,"computers & electronics manufacturing, retail, audio technology, sound quality, music producer technology, high-quality sound, music streaming, premium audio, bluetooth speakers, computer and peripheral equipment manufacturing, pop music fans, bass emphasis, product innovation, celebrity endorsements, product branding, apple acquisition, fashion-conscious consumers, wireless audio, product placement, athlete endorsements, consumer electronics, studio sound replication, premium headphone technology, studio-quality sound, lifestyle branding, youth market focus, music piracy prevention, celebrity collaborations, sound clarity, influencer marketing, noise isolation, online shopping, headphone design, hip-hop music fans, music industry influence, portable speakers, music streaming service, trendy lifestyle brand, lifestyle consumer, trendy audio products, pop culture influence, headphones, earbuds, fashion accessories, celebrity-endorsed products, wireless headphones, noise cancelling, bluetooth, over-ear headphones, ear cushions, spatial audio, dynamic head tracking, apple music, long battery life, fast fuel charging, lightweight design, ios compatibility, android compatibility, custom acoustic architecture, active noise cancelling, transparency mode, usb-c charging, 3.5mm audio jack, premium sound, customizable controls, on-ear controls, voice assistant, lossless audio, app connectivity, audio sharing, sports headphones, stylish design, collaborations, limited edition, sound profile, in-store pickup, quick start guide, carrying case, sustainable packaging, premium metal sliders, flex-grip headband, multi-function button, digital beam-forming microphone, warranty service, special edition, premium color finishes, powerbeats, hands-free calling, adaptive audio settings, premium audio experience, sound isolation, upgraded drivers, b2c, e-commerce, consumer products & retail, electrical/electronic manufacturing, mechanical or industrial engineering, consumers, hardware, consumer internet, internet, information technology & services",http://www.linkedin.com/in/brycetoth,https://beatsbydre.com,http://www.linkedin.com/company/beats-by-dr.-dre,https://www.facebook.com/beatsbydre,https://www.twitter.com/beatsbydre,Manhattan Beach,California,United States,"Los Angeles, California, United States",Los Angeles,California,United States,'+1 408-996-1010,"Akamai, Mailchimp Mandrill, Typekit, Mobile Friendly, Remote",1500000000,500000000,Other,500000000,2013-09-01T00:00:00+00:00,Apple (apple.com),"",false,false,false,false,"",694369fb23cd0d0001fb705e,694369fb23cd0d0001fb708d,"","","","","","","","",""
Rahul,Pant,Engineer Software,Country Music Association (CMA),Country Music Association,rpant@cmaworld.com,Verified,Apollo,Apollo,"",Catch-all,2025-12-18T02:38:14+00:00,Entry,Engineering & Technical,ranilo@popai.agency,"","","",'+1 615-244-2840,"",Cold,New_popai,"",ranilo@popai.agency,200,entertainment,"country music advocacy, corporate partnerships, foundation giving to music education, membership levels, consumer research, songwriter spotlights, industry honors, international growth, entertainment providers, music industry innovation, music industry support, music industry collaboration, music industry funding, music industry education, music industry talent development, b2b, music industry resources, awards organization, music industry support programs, industry networking, music industry mentorship, music industry events management, music industry, music industry community, music industry recognition, trade association, music industry opportunities, music education grants, music industry diversity initiatives, music industry philanthropy, music education funding, cma fest, music community building, music education support, services, music industry advocacy, music industry events, music industry insights, music industry engagement, country music hall of fame, music industry inclusion, political organizations, country music awards, music industry advocacy programs, music industry policy advocacy, music promotion, music industry development, music industry growth, music industry data, country music fan engagement, country music, music industry networking platforms, music industry diversity, event management, music industry membership benefits, music industry trends, music industry awards, music industry digital platforms, entertainment, music industry research, music industry research reports, music industry leadership, cma membership, mentorship program, professional development, music industry networking, discount programs, music education, cma awards, healthcare benefits, community engagement, cma foundation, career growth, women in leadership, cma events, international country music, artist support, cma community, digital resources, country music promotion, mental health resources, industry insights, career resources, professional acumen, cma close up magazine, streaming data, music professionals, nashville events, cma member benefits, emerging artists, voting rights, studying music industry, cma edu, networking opportunities, job opportunities, music discovery platforms, music advocacy, cma awards eligibility, educational programming, music trends, cma member events, artist recognition, cma health plan, country music initiatives, cma community events, cma profiles, cma volunteerism, cma industry news, cma resources, education, non-profit, events services, nonprofit organization management",http://www.linkedin.com/in/rahul-pant-b69a84165,https://cmamember.com,http://www.linkedin.com/company/the-country-music-association,"","",Pittsburgh,Pennsylvania,United States,"35 Music Sq E, Nashville, Tennessee, United States, 37203",Nashville,Tennessee,United States,'+1 615-244-2840,"Cloudflare DNS, Outlook, Microsoft Office 365, CloudFlare Hosting",68364000,"","","","","","",false,false,false,false,"",6943691530266e001932bc02,6943691530266e001932bc1e,"","","","","","","","",""
Wendi,Summers,Engineer Software,W&T Offshore Inc. (NYSE: WTI),W&T Offshore Inc. (NYSE,wsummers@wtoffshore.com,Verified,Apollo,Apollo,"","",2025-12-14T05:36:08+00:00,Entry,Engineering & Technical,ranilo@popai.agency,"","","",'+1 713-626-8525,"",Cold,New_popai,"",ranilo@popai.agency,400,oil & energy,"independent oil & natural gas acquisition & exploitation & exploration company, energy, oil and gas industry in gulf of america, oil production, oil and gas exploration and development, offshore exploration, oil and gas company, oil and gas exploration and production, oil and gas industry trends, oil and gas project management, offshore oil and gas exploration services, offshore exploration technology, oil and gas exploration, offshore oilfield management, offshore oilfield operations, oil and gas exploration offshore, oilfield development, natural gas production, risk management, offshore drilling technology, b2b, oil and gas acquisition, oil and gas production assets, oil and gas assets, oil and gas exploration services, services, oil and gas industry growth, offshore oil and gas leasing, hydrocarbon production, oil and natural gas production, oil and gas reserves management, offshore oilfield development, offshore oil and gas industry, offshore drilling, oil and gas industry operations, offshore oil and gas project development, oil and gas extraction, oil and gas production technology, independent oil producer, gulf of america oil fields, oil and gas exploration company, offshore hydrocarbon development, crude petroleum extraction, oil and gas exploration technology, oil and gas exploration in gulf of america, oil and gas asset management, oil and gas leasing, oil and gas reserves, acquisitions, oil and gas development, shelf exploration, portfolio management, deepwater oil exploration, oil and gas industry analysis, oil and gas exploration assets, deepwater offshore exploration, offshore oil exploration projects, gulf of america, offshore oil and gas production technology, offshore oil reserves, offshore oil and gas operations, offshore oilfield assets, upstream oil and gas, offshore oil and gas, regulatory compliance, upstream energy, natural gas liquids, oil reserves, oil and gas field operations, oil and gas project development, oilfield services, oil and gas operations, deepwater exploration, offshore oil exploration, oil and gas industry, deepwater drilling, oil reserves estimation, deepwater oil production, offshore oil fields, oil and gas production services, offshore oil and gas reserves management, offshore oil assets, energy exploration, oil and gas leasing rights, natural gas extraction, gulf of mexico, deepwater operations, onshore operations, exploration, asset optimization, liquids production, proven reserves, drilling efficiency, daily production rate, corporate responsibility, sustainability report, financial performance, free cash flow, adjusted ebitda, capital expenditures, joint ventures, offshore fields, environmental stewardship, heath safety, stakeholder engagement, liquidity position, dividend announcements, market data, derivative instruments, production costs, lease operating expenses, geographic diversification, risk analysis, energy sector, shareholder value, strategic planning, technical evaluation, resource acquisition, oil and gas properties, environmental impact, financial commitments, resource development, capital allocation, asset retirement obligations, production taxes, financial metrics, corporate governance, energy & utilities, oil & energy",http://www.linkedin.com/in/wendi-summers-0a3b62167,https://wtoffshore.com,http://www.linkedin.com/company/w&t-offshore,"","",New York,New York,United States,"5718 Westheimer Rd, Houston, Texas, United States, 77057-2372",Houston,Texas,United States,'+1 713-626-8525,"Outlook, Microsoft Office 365, Amazon AWS, Mobile Friendly, Google Font API, Apache, Google Tag Manager, Adobe Media Optimizer, Google AdSense, Vimeo, Cedexis Radar, Remote",525261000,"","","","","","",false,false,false,false,"",6943691530266e001932bc03,6943691530266e001932bc1f,"","","","","","","","",""
Fernando,Gonzalez,Software Backend Engineer,edunext,edunext,fernando.gonzalez@edunext.co,Verified,Apollo,Apollo,"",Catch-all,2025-12-18T02:40:36+00:00,Entry,Engineering & Technical,ranilo@popai.agency,"","","","","",Cold,New_popai,"",ranilo@popai.agency,95,e-learning,"open edx, open edx saas, open edx custom development, moocs, open edx consulting, online learning, elearning, open edx ecommerce, open edx support, open edx cloud based, edunext management console, open edx studio, open edx mobile apps, open edx insights, open edx training, open edx multisites, advanced open edx xblocks, open edx for ios, open edx for andoid, open edx sites, open edx multilanguages, open edx hosting, it services, lms management, open edx community support, open edx plugins, analytics, open source, lms, scalability, custom extensions, open edx integrations, open edx institutions, e-learning, consulting, open edx platform optimization, software development, content creation, community contribution, open edx community, open edx innovation, open edx api extensions, open edx development, plugins, open edx core contributor, open edx platform scalability, open edx solutions, open edx integration, open edx large-scale deployment, online education, services, open edx partner, open edx extensions, apis, open edx api, government, open edx learners, open edx community engagement, open edx courses, open edx platform, open edx customization, open edx scalability, education, xblocks, b2b, colleges, universities, and professional schools, hosting solutions, course management, open edx custom plugin development, open edx course creation tools, open edx plugin ecosystem, mobile app, open edx learner analytics, open edx support services, information technology, open edx deployment, open edx apis, e-commerce, non-profit, internet, information technology & services, computer software, education management, consumer internet, consumers, nonprofit organization management",http://www.linkedin.com/in/fgonzalez89,https://edunext.co,http://www.linkedin.com/company/edunext,https://www.facebook.com/eduNEXT-240053697964460,"",Westville,New Jersey,United States,"Delaware Ave, Wilmington, Delaware, United States, 19801",Wilmington,Delaware,United States,"","Route 53, Rackspace MailGun, Gmail, Google Apps, CloudFlare Hosting, Create React App, React, Facebook Login (Connect), Facebook Widget, Bootstrap Framework, WordPress.org, Google Tag Manager, DoubleClick, Mobile Friendly, Hubspot, Facebook Custom Audiences, Vimeo, Eventbrite, YouTube, DoubleClick Conversion, Hotjar, Google AdWords Conversion, Google Font API, Google Dynamic Remarketing, Gusto","","","","","","","",false,false,false,false,"",694369a32b894c00012b3ecf,694369a32b894c00012b3efa,"","","","","","","","",""
Sri,Chelasani,Engineer Software,Audatex,Audatex,srilakshmi.chelasani@audatex.com,Verified,Apollo,Apollo,"",Catch-all,2025-12-03T07:38:33+00:00,Entry,Engineering & Technical,ranilo@popai.agency,"","","","","",Cold,New_popai,"",ranilo@popai.agency,73,"","",http://www.linkedin.com/in/sri-chelasani-33a802137,https://audatex.hu,http://www.linkedin.com/company/audatex,"","",Portland,Oregon,United States,"26 Devai utca, Budapest, Budapest, Hungary, 1134",Budapest,Budapest,Hungary,"","Outlook, Microsoft Office 365, Apache, AI","","","","","","","",false,false,false,false,"",6943691530266e001932bc04,6943691530266e001932bc20,"","","","","","","","",""
Bikash,M,Engineer Software,KAN agency,KAN agency,bikash.m@kan.se,Verified,Apollo,Apollo,"","",2025-11-20T10:43:50+00:00,Entry,Engineering & Technical,ranilo@popai.agency,"","","",'+46 702 15 91 71,"",Cold,New_popai,"",ranilo@popai.agency,110,information technology & services,"design, kommunikation, teknik, digital marknadsfoering, varumaerke, cms, seo, sem, analys, reklam, editorial, mediaplanering, social media, webbutveckling, strategy, film, technology, information & internet, brand development, digital analytics, performance marketing, consulting, project management, customer experience, video marketing, eu digital regulations, research, services, personalized user experiences, service design, campaign strategy, multichannel marketing, data-driven marketing, ux, copywriting, video content creation, branding, ux research, campaign event activation, brand strategy, campaign shoot production, digital marketing, client relationships, creative campaign concepts, marketing and advertising, user experience, campaign management, digital strategy, ux design, b2b, video production, digital accessibility standards, content marketing, long-term client partnerships, analysis, content creation, web development, brand refresh, social media management, information technology and services, full-service agency, website development, brand communication, digital transformation, creative solutions, technology development, social media marketing, multidisciplinary teams, seo optimization, accessibility compliance, graphic design, customer engagement, web accessibility, advertising agencies, digital agency, communications, information technology & services, search marketing, marketing, marketing & advertising, consumer internet, consumers, internet, media, productivity, writing & editing",http://www.linkedin.com/in/bikash-m-40b4a8166,https://kan.se,http://www.linkedin.com/company/kanagency,https://sv-se.facebook.com/KANMalmo/,https://twitter.com/KANmalmo,Coralville,Iowa,United States,"31 Stortorget, Malmoe, Skane County, Sweden, 211 34",Malmoe,Skane County,Sweden,'+46 702 15 91 71,"Outlook, Microsoft Office 365, Microsoft Azure Hosting, Cloudflare DNS, Gmail, Google Apps, CloudFlare Hosting, Google Tag Manager, DoubleClick Conversion, Google Dynamic Remarketing, Ruby On Rails, Hubspot, WordPress.org, DoubleClick, Nginx, Hotjar, Mobile Friendly, Linkedin Widget, Google Font API, Remote, Jamf, Render, AI",11000000,"","","","","","",false,false,false,false,"",6943691530266e001932bc07,6943691530266e001932bc23,"","","","","","","","",""
Liseidy,Bueno,Software Product Engineer,UPchieve,UPchieve,liseidy.bueno@upchieve.org,Verified,Apollo,Apollo,"",Catch-all,2025-12-18T02:42:04+00:00,Entry,Engineering & Technical,ranilo@popai.agency,"","","",'+1 866-992-2450,"",Cold,New_popai,"",ranilo@popai.agency,360,e-learning,"college counseling, free college counseling, dei, free tutoring, tutoring, education, edtech, online education, elearning, social impact startup, mobile development, web development, nonprofit, mobile, education technology, nonprofits, information technology, e-learning providers, volunteer-powered, e-learning, data privacy, educational support services, b2c, low-income students, online tutoring, nonprofit organization, non-profit, student support, student engagement, subject-specific tutoring, educational equity, democratizing access, free online tutoring, volunteer tutors, scalable education solutions, teacher support, college prep, virtual classroom, 24/7 academic support, services, student success, sustainable model, internet, information technology & services, computer software, education management, nonprofit organization management",http://www.linkedin.com/in/liseidy-bueno,https://upchieve.org,http://www.linkedin.com/company/upchieve,https://www.facebook.com/UPchieve/,https://twitter.com/UPchieve,"","",United States,"150 Court St, New York, New York, United States, 11201",New York,New York,United States,'+1 866-992-2450,"Cloudflare DNS, Postmark, Rackspace MailGun, Sendgrid, Gmail, Google Apps, Microsoft Office 365, Facebook Widget, reCAPTCHA, Facebook Custom Audiences, New Relic, Google Analytics, Mobile Friendly, AdRoll, Google Tag Manager, YouTube, DoubleClick Conversion, Facebook Login (Connect), Google Dynamic Remarketing, DoubleClick, Typekit, Google AdWords Conversion, Remote, AI","","","","","","","",false,false,false,false,"",694369fb23cd0d0001fb7063,694369fb23cd0d0001fb7092,"","","","","","","","",""
Lynn,Liu,Engineer Software,"Logile, Inc.",Logile,lynn.liu@logile.com,Verified,Apollo,Apollo,"","",2025-12-18T02:38:14+00:00,Entry,Engineering & Technical,ranilo@popai.agency,"","","",'+1 972-550-6000,"",Cold,New_popai,"",ranilo@popai.agency,220,retail,"workforce management, forecasting, food safety, task management, budgeting, labor modeling, retail, engineered labor standards, employee scheduling, 5s, time & attendance, employee selfservice, change management, industrial engineering, performance management, labor planning, employee communications, store planning, store execution, store operations, inventory management, multi-store forecasting, compliance, retail technology, demand-driven staffing, real-time compliance, workforce optimization, computer systems design and related services, labor standards, demand planning, operational transparency, labor cost reduction, store clustering, ai-powered forecasting, scheduling, b2b, real-time adjustments, wall-to-wall scheduling, automation, effective dating, predictive labor models, store process streamlining, operational efficiency, store-specific data tagging, agile soa architecture, ai-driven retail solutions, upc labor analysis, customer service, inventory control, forecast accuracy, machine learning, unified store platform, store communication, store-specific labor models, standards analyzer, store-specific attributes, task-based scheduling, data analytics, inventory synchronization, demand forecasting, task automation, international retail, employee flexibility, services, operational scalability, ai, mobile workforce tools, predictive analytics, employee engagement, overtime reduction, customer satisfaction tools, productivity improvement, ai problem-solving engine, fresh food management, real-time data, connected workforce solutions, time and attendance, labor model, fresh production, performance metrics, employee retention, e-commerce integration, mobile communication, customer experience, cloud-based solutions, analytics, workflow automation, retail management software, cross-department scheduling, compliance management, data synchronization, staff management, service quality, retail operations, business process management, cost reduction, supply chain management, business intelligence, custom reporting, integration services, industry best practices, proven results, customer satisfaction, e-commerce, distribution, productivity, enterprise software, enterprises, computer software, information technology & services, artificial intelligence, logistics & supply chain, consumer internet, consumers, internet",http://www.linkedin.com/in/lynn-liu-7a7b22150,https://logile.com,http://www.linkedin.com/company/logile,https://www.facebook.com/LogileInc/,https://twitter.com/Logileinc,San Mateo,California,United States,"2600 East Southlake Boulevard, Southlake, Texas, United States, 76092",Southlake,Texas,United States,'+1 972-550-6000,"Route 53, Amazon SES, Rackspace MailGun, Outlook, Act-On, Microsoft Office 365, Amazon AWS, Google Cloud Hosting, Backbone JS Library, Freshdesk, Salesforce, Google Tag Manager, Mobile Friendly, Render, Remote, AI",15000000,"",Series A,"",2023-01-01T00:00:00+00:00,"","",false,false,false,false,"",6943691530266e001932bc0b,6943691530266e001932bc27,"","","","","","","","",""
Lam,Truong,Software Data Engineer,Bay Atlantic University,Bay Atlantic University,ltruong@bau.edu,Verified,Apollo,Apollo,"","",2025-12-05T16:55:24+00:00,Entry,Engineering & Technical,ranilo@popai.agency,"","","",'+1 202-644-7213,"",Cold,New_popai,"",ranilo@popai.agency,120,higher education,"business administration, information technology, cyber security, artificial intelligence, cloud computing engineering, international affairs, mba, political science, regional innovation sponsorship, community engagement, tuition assistance, technology and data science, professional training, professional masters, career-oriented education, international focus, student services, cloud computing, student health and wellness, online learning, non-profit university, washington d.c., higher education, high-demand fields, student life and clubs, global perspective, certificate programs in ai and cloud, technology, services, dual master programs, career development, stem programs, international students support, data science, student housing, english as a second language, mentoring programs, degree programs, software engineering, education, sevis record management, colleges, universities, and professional schools, affordable education, washington d.c. location, international education, international relations, international, non-profit, stem, professional programs, dual enrollment, regional innovation, computer & network security, information technology & services, enterprise software, enterprises, computer software, b2b, e-learning, internet, education management, nonprofit organization management",http://www.linkedin.com/in/lam-anh-truong-b84724224,https://bau.edu,http://www.linkedin.com/school/bay-atlantic-university,"","",Baltimore,Maryland,United States,"1510 H St NW, Washington, District of Columbia, United States, 20005",Washington,District of Columbia,United States,'+1 202-644-7213,"Cloudflare DNS, Outlook, Pardot, Microsoft Office 365, CloudFlare Hosting, Typekit, Facebook Widget, DoubleClick, reCAPTCHA, Multilingual, WordPress.org, Google Analytics, Facebook Custom Audiences, DoubleClick Conversion, Mobile Friendly, Bootstrap Framework, Google Tag Manager, Facebook Login (Connect), Google Dynamic Remarketing, YouTube, Google Font API","","","","","","","",false,false,false,false,"",694369a32b894c00012b3ec8,694369a32b894c00012b3ef3,"","","","","","","","",""
Abhishek,Singh,Software Development Engineer,Stackline,Stackline,asingh@stackline.com,Verified,Apollo,Apollo,"","",2025-11-21T15:31:42+00:00,Entry,Engineering & Technical,ranilo@popai.agency,"","","",'+1 440-862-7620,"",Cold,New_popai,"",ranilo@popai.agency,260,information technology & services,"software, retail analytics, data science, machine learning, predictive analytics, ecommerce, online retail data, retail media, ai, shopper analytics, market intelligence, e-commerce, retail, big data analytics, consumer internet, enterprise software, internet, information technology, software development, customer retention, campaign automation, retail campaign management, retail growth platform, retail sales forecasting, services, retail performance tracking, ecommerce platform, d2c, retail consumer insights, retail data integration, retail microtrends detection, customer segmentation, retail promotional planning, sales attribution, retail data-driven decision making, retail sales growth, retail growth strategies, retail competitive intelligence, content generation, retail performance optimization, retail media advertising, retail optimization, retail benchmarking, ai retail software, demand forecasting, retail performance management, retail trend detection, retail performance, cross-retailer data, retail customer profiling, retail ai solutions, retail content creation ai, first-party data unification, retail insights, retail data visualization, product catalog management, retail campaign analytics, retail market intelligence platform, retail customer journey, retail data platform, marketing automation, competitive intelligence, retail marketing automation, first-party data, retail data science, ai-powered retail software, ai-powered retail forecasting, b2b, retail sku level forecasting, pricing and promotions, product listing management, retail demand prediction, predictive forecasting, customer engagement, retail sales attribution, retail automation software, pricing promotions, operational efficiency, retail sales growth tools, shopper insights, retail analytics software, market share analysis, retail strategy, audience segmentation, ad campaign optimization, ai-driven insights, customer loyalty, sales growth, competitive analysis, retail analytics tools, ad targeting, retail pricing optimization, omnichannel marketing, retail shopper behavior analysis, retail inventory forecasting, retail intelligence, audience targeting, content optimization, inventory analytics, retail automation, conversion optimization, retail review analysis, retail ad spend analysis, retail trend analysis, retail performance metrics, retail market share analysis, retail automation tools, retail data security, ecommerce analytics, ad campaign management, consulting, multi-retailer ad targeting, real-time analytics, multi-retailer data, professional services, retail data management, seo optimization, retail performance analytics, retail competitor tracking, retail product performance, management consulting services, content management, retail content optimization, predictive modeling, affiliate marketing, retail ecosystem, retail audience segmentation, retail content creation, retail data enrichment, inventory management, retail marketing tools, retail competitive benchmarking, retail campaign automation, connected commerce, market share, market insights, lifetime value, digital shelf management, multi-retailer integration, shopper engagement, crm solutions, customer data management, ratings and reviews, review generation, shopper advocacy, rewards programs, loyalty solutions, surveys and feedback, consumer research, omnichannel insights, unified shopper data, marketplace intelligence, consumer activation, traffic insights, competitor analysis, media automation, campaign management, forecasting solutions, sales analytics, retail campaign optimization, customer experience management, marketing attribution, product launch solutions, traffic source analysis, shopping behavior analytics, brand health measurement, search volume insights, churn analysis, conversion rate improvement, promotion optimization, market entry strategies, retail media intelligence, data-driven decision making, brand advocacy, conversational commerce, legal compliance in customer data, distribution, consumer_products_retail, transportation_logistics, information technology & services, artificial intelligence, enterprises, computer software, consumers, marketing & advertising, saas, advertising, professional training & coaching, marketing",http://www.linkedin.com/in/abhishekbuilds,https://stackline.com,http://www.linkedin.com/company/stackline,https://facebook.com/StacklineHQ/,https://twitter.com/stacklinehq,Seattle,Washington,United States,"801 5th Ave, Seattle, Washington, United States, 98104",Seattle,Washington,United States,'+1 440-862-7620,"Salesforce, Cloudflare DNS, Route 53, Mailchimp Mandrill, Outlook, Marketo, Pardot, Microsoft Office 365, Greenhouse.io, Atlassian Cloud, Drift, React Redux, StackAdapt, Webflow, Google Font API, Mixpanel, Mobile Friendly, Google Tag Manager, Vimeo, Render, Remote, AI",5800000,180000000,Series B,130000000,2021-06-08T00:00:00+00:00,"","",false,false,false,false,"",6943691530266e001932bc05,6943691530266e001932bc21,"","","","","","","","",""
Rohit,Tripathi,Software Automation Engineer,Persist AI,Persist AI,rohit@persist-ai.com,Verified,Apollo,Apollo,"","",2025-11-21T14:31:14+00:00,Entry,Engineering & Technical,ranilo@popai.agency,"","","",'+1 510-921-0563,"",Cold,New_popai,"",ranilo@popai.agency,38,pharmaceuticals,"plg, plga, extended release, drug formulation, artificial intelligence, machine learning, automation, pharmaceutical manufacturing, biotechnology, formulation data deconvolution, long-acting injectable, analytical support, predictive analytics, spectrophotometry, formulation experiment scheduling, healthcare technology, formulation prediction models, robotic lab, formulation process control, robotics, formulation screening, cgmp manufacturing, hplc, high throughput automation, drug delivery, cloud lab for drug formulation, formulation scalability, formulation prediction, ai + robotics in pharma, medical devices, formulation optimization, cloud-based formulation testing, automated pharmaceutical processes, pharmaceuticals, process sensors, cloud lab, data analytics, drug solubility, automated aseptic manufacturing, analytical technology integration, formulation protocol, ai-driven drug formulation, high throughput screening, robotic formulation building, ai-driven pk prediction, ai platform, formulation development, b2b, research and development in the physical, engineering, and life sciences, drug development automation, microfluidics, raman spectroscopy, formulation reproducibility, predictive modeling, formulation process automation, formulation process sensors, healthcare, manufacturing, information technology & services, medical, enterprise software, enterprises, computer software, mechanical or industrial engineering, hospital & health care, health care, health, wellness & fitness",http://www.linkedin.com/in/rohit-tripathi-bb3137174,https://persist-ai.com,http://www.linkedin.com/company/persist-ai,"","",Sacramento,California,United States,"890 Embarcadero Dr, West Sacramento, California, United States, 95605-1503",West Sacramento,California,United States,'+1 510-921-0563,"Outlook, Microsoft Office 365, Google Cloud Hosting, Gmail, Google Apps, Mobile Friendly, Wix, DoubleClick Conversion, Varnish, Google Tag Manager, Vimeo, Cedexis Radar, Google Dynamic Remarketing, DoubleClick, Adobe Media Optimizer, Remote, AI",1000000,16000000,Series A,12000000,2025-05-01T00:00:00+00:00,"","",false,false,false,false,"",6943691530266e001932bc0a,6943691530266e001932bc26,"","","","","","","","",""
John,McCrae,Software Development Engineer,Progress Chef,Progress Chef,john.mccrae@chef.io,Verified,Apollo,Apollo,"",Not Catch-all,2025-12-18T02:40:42+00:00,Entry,Engineering & Technical,ranilo@popai.agency,"","","",'+1 206-508-4799,"",Cold,New_popai,"",ranilo@popai.agency,170,information technology & services,"infrastructure, automation, cloud computing, chef, devops, webops, configuration management, it management cloud computing, developer tools, internet infrastructure, cloud management, data center automation, enterprise software, internet, data centers, information technology, software, internet service providers, security automation in devops, infrastructure security, container management, information technology and services, security monitoring dashboards, workflow orchestration, cloud security, multi-cloud management, services, multi-cloud security, kubernetes security, security policy compliance, application security automation, security compliance frameworks, agentless automation, security compliance dashboards, hybrid cloud, cloud-native support, application delivery automation, operational efficiency, security posture management, consulting, cloud security posture, security standards, automated testing, computer systems design and related services, container orchestration, security vulnerability scanning, security incident response, hybrid cloud support, cloud security management, security automation, security configuration, security monitoring tools, orchestration platform, legal services, security and compliance as code, hybrid cloud security, security and governance, continuous compliance, security automation workflows, devsecops, security management platform, security controls automation, security risk assessment tools, compliance auditing, compliance auditing tools, security policy as code tools, security monitoring, application deployment, security incident remediation, professional services, security posture dashboards, regulatory compliance automation, security audit automation, risk management, cloud security automation, healthcare, security incident management, policy enforcement, security audit tools, cloud-native architecture, security policies enforcement, infrastructure as code security, security compliance monitoring, devops automation, enterprise automation, security configuration management, disa stigs, security frameworks, security audit reporting, workflow automation, infrastructure as code, cross-platform support, application delivery, compliance reporting, regulatory compliance, patch management automation, multi-cloud security management, infrastructure scaling, security compliance standards, security automation tools, security vulnerability management, automated testing and validation, security policy enforcement tools, security benchmarks, security audit automation tools, cloud security audit, security standards enforcement, security monitoring in multi-cloud, government, configuration drift correction, risk mitigation, container security, real-time visibility, orchestration tools, security risk assessment, security configuration validation, security policy as code, security incident detection, security policies, security risk management tools, education, it infrastructure automation, financial services, security standards compliance, multi-os support, workflow automation tools, cloud infrastructure security, regulatory standards, cybersecurity, real-time monitoring, terraform security scanning, automated remediation, cloud security posture management (cspm), security policy management, automated patch management, devops tools, security automation for devsecops, b2b, policy as code, automated patching, software development, security policy enforcement, cloud infrastructure, enterprise devops, security posture automation, application automation, infrastructure automation, it automation, security policy automation, security and compliance, compliance enforcement, cis benchmarks, real-time dashboards, container security policies, edge management, job orchestration, compliance management, infrastructure management, audit automation, saas deployment, zero trust security, cloud-native applications, immutable artifacts, deployment automation, remediation automation, cyber security, incident response, cloud security posture management, rapid deployment, servicenow integration, discrete application packaging, testing and development automation, agile delivery, self-service automation, peer-to-peer communication, visibility and control, operational overhead reduction, open-source investment, security resilience, compliance audits, security controls, infrastructure workloads, it operations scaling, configuration drift, monitoring tools, enterprise management, user access control, community contributions, cloud monitoring, finance, legal, non-profit, enterprises, computer software, information technology & services, professional training & coaching, health care, health, wellness & fitness, hospital & health care, computer & network security, nonprofit organization management",http://www.linkedin.com/in/johnmccrae,https://chef.io,http://www.linkedin.com/company/chef-software,https://www.facebook.com/getchefdotcom,http://twitter.com/getchefdotcom,Hillsboro,Oregon,United States,"619 Western Avenue, Seattle, Washington, United States, 98104",Seattle,Washington,United States,'+1 206-508-4799,"Route 53, Amazon SES, SparkPost, Gmail, Mimecast, Marketo, Google Apps, Fastly CDN, UltraDns, Microsoft Office 365, Amazon AWS, DynECT, Mailchimp Mandrill, Segment.io, DemandBase, Backbone JS Library, Netlify, OneTrust, Eloqua, Taboola Newsroom, Webflow, Linkedin Marketing Solutions, Facebook Custom Audiences, Salesforce, Facebook Widget, Google Analytics, Twitter Advertising, Google Tag Manager, YouTube, Google Font API, Facebook Login (Connect), Mobile Friendly, reCAPTCHA, CrazyEgg, Hotjar, Ruby On Rails, Salesforce Live Agent, Remote",70000000,105000000,Series E,40000000,2015-09-09T00:00:00+00:00,Progress Weight Management (progressweight.com),"",false,false,false,false,"",694369a32b894c00012b3ebb,694369a32b894c00012b3ee6,"","","","","","","","",""
Jiaying,Li,Engineer Software,WJD,WJD,"",Unavailable,"","","","","",Entry,Engineering & Technical,ranilo@popai.agency,"","","","","",Cold,New_popai,"",ranilo@popai.agency,31,construction,"",http://www.linkedin.com/in/%e4%bd%b3%e9%a2%96-%e6%9d%8e-110187169,"",http://www.linkedin.com/company/wjd,"","",San Francisco,California,United States,"Herentals, Flanders, Belgium",Herentals,Flanders,Belgium,"","","","","","","","","",false,false,false,false,"",694369a32b894c00012b3ec6,694369a32b894c00012b3ef1,"","","","","","","","",""
Sai,Badiga,Software Development Engineer,blueflite,blueflite,sbadiga@blueflite.com,Verified,Apollo,Apollo,"","",2025-12-18T02:42:04+00:00,Entry,Engineering & Technical,ranilo@popai.agency,"","","","","",Cold,New_popai,"",ranilo@popai.agency,24,aviation & aerospace,"uas, mobility, drones, logistics, aviation & aerospace component manufacturing, aviation & aerospace, information technology & services",http://www.linkedin.com/in/badiga-manikanta-2a0948182,https://blueflite.com,http://www.linkedin.com/company/blueflite,"","","","",United States,"Metropolitan Pkwy, Sterling Heights, Michigan, United States",Sterling Heights,Michigan,United States,"","Cloudflare DNS, Outlook, CloudFlare Hosting, Oracle Cloud, Flutter, Mapbox, Remote, AI",1500000,"","","","","","",false,false,false,false,"",694369fb23cd0d0001fb7058,694369fb23cd0d0001fb7087,"","","","","","","","",""
Alex,Berger,Software/DevOps Engineer,alwaysAI,alwaysAI,alex.berger@alwaysai.co,Verified,Apollo,Apollo,"","",2025-12-08T00:07:51+00:00,Entry,Engineering & Technical,ranilo@popai.agency,"","","",'+1 760-704-9062,"",Cold,New_popai,"",ranilo@popai.agency,44,information technology & services,"artificial intelligence, machine learning, computer vision, enterprise software, smart camera, deep learning, visual ai, image recognition, realtime video analytics, defect detection, edgeai, vision ai, ai vision, software development, process automation, retail, visual insights, pre-trained models, anomaly detection, predictive analytics, re-identification, edge computing, remote deployment, object detection, generative ai, risk assessment, real-time analytics, customer experience, logistics, venues, manufacturing, b2b, mining, warehousing, enterprise ai, industry-specific solutions, safety compliance monitoring, privacy-preserving ai, restaurants, yolo model selection, heatmapping, application development, ai solutions, visual data interpretation, energy, services, dataset management, traffic analytics, scalability, data privacy, predictive maintenance, flexible apis, mlops, construction, computer systems design and related services, business intelligence, distribution, information technology & services, enterprises, computer software, mechanical or industrial engineering, app development, apps, analytics",http://www.linkedin.com/in/alexberger,https://alwaysai.co,http://www.linkedin.com/company/alwaysai,https://facebook.com/alwaysAI/,https://twitter.com/alwaysai,San Diego,California,United States,"160 Chesterfield Dr, Encinitas, California, United States, 92007-1900",Encinitas,California,United States,'+1 760-704-9062,"Route 53, Outlook, Amazon AWS, React Redux, React, IoT, Render, Android, Remote, AI",6000000,9000000,Series B,"",2022-01-01T00:00:00+00:00,"","",false,false,false,false,"",694369fb23cd0d0001fb705d,694369fb23cd0d0001fb708c,alexito.berger@gmail.com,Apollo,Verified,Apollo,"","","","",""
Manisurya,Vuppala,Software and Systems Engineer,metalenz,metalenz,manisurya.vuppala@metalenz.com,Verified,Apollo,Apollo,"","",2025-12-01T14:29:08+00:00,Entry,"Engineering & Technical, Information Technology",ranilo@popai.agency,"","","",'+1 781-832-0339,"",Cold,New_popai,"",ranilo@popai.agency,44,semiconductors,"metasurface optics, image sensing, depth sensing, nir imaging, semiconductor manufacturing, meta-optics technology, meta-optics for automotive lidar, optical integration, meta-optics patents, nanophotonics, semiconductor fabrication, optical performance, meta-optics for ar/vr, cost-effective manufacturing, semiconductor and other electronic component manufacturing, temperature stability, automotive manufacturing, metalenses, meta-optics, photonic devices, 3d imaging, optical equipment manufacturing, meta-optics in consumer electronics, robotics, miniaturization, b2b, nanofabrication, lidar, meta-optics for 3d sensing, multifunctional optics, meta-optics for smart robotics, meta-optics in semiconductor foundries, high yield production, optical sensing, nanostructures, consumer electronics, meta-optics for imaging systems, meta-optics for medical devices, biometrics, light control, mass production, healthcare, education, manufacturing, distribution, transportation_logistics, energy_utilities, semiconductors, hardware, mechanical or industrial engineering, information technology & services, consumers, health care, health, wellness & fitness, hospital & health care",http://www.linkedin.com/in/manisuryav,https://metalenz.com,http://www.linkedin.com/company/metalenz,"",https://twitter.com/MetalenzNews,Boston,Massachusetts,United States,"205 Portland St, Boston, Massachusetts, United States, 02114-1708",Boston,Massachusetts,United States,'+1 781-832-0339,"Outlook, WP Engine, iPage DNS, React, Slack, Gravity Forms, Google Tag Manager, Varnish, Nginx, Mobile Friendly, reCAPTCHA, Bootstrap Framework, Hubspot, WordPress.org, Remote",7600000,47360746,Series B,30000000,2022-09-01T00:00:00+00:00,"","",false,false,false,false,"",694369fb23cd0d0001fb7067,694369fb23cd0d0001fb7096,"","","","","","","","",""
David,Marshall,Software Development Engineer,Spring Point Solutions,Spring Point Solutions,david.marshall@springpt.com,Verified,Apollo,Apollo,"",Not Catch-all,2025-11-20T07:32:24+00:00,Entry,Engineering & Technical,ranilo@popai.agency,"","","",'+1 888-382-7835,"",Cold,New_popai,"",ranilo@popai.agency,26,information technology & services,"quality management wizard, industrial business process consulting, equipmentasset management, motorbase erp for industry, software development, real-time data, customer communication, easa accreditation, process reliability, industry-specific software, inventory management, vendor management, audit trail, compliance tracking, profitability, accreditation support, custom reporting, job scheduling, business software, inventory control, job tracking, accounting integration, erp system, failure monitoring, all other general purpose machinery manufacturing, task automation, efficiency, test data capture, performance analytics, services, job costing, order processing, data integration, inspection forms, qm wizard, productivity, photo and drawing attachments, cost savings, mobile access, quote management, multi-location support, b2b, customer portal, automated workflows, quality management, equipment history tracking, distribution, manufacturing, tolerances and criteria, cloud-based software, customer management, equipment management, workflow automation, workflow optimization, process automation, invoicing, crm, information technology & services, enterprise software, enterprises, computer software, mechanical or industrial engineering, sales",http://www.linkedin.com/in/david-marshall-game-dev,https://springpt.com,http://www.linkedin.com/company/spring-point-solutions,"","",Denmark,Maine,United States,"2c Moulton St, Portland, Maine, United States, 04101-5093",Portland,Maine,United States,'+1 888-382-7835,"Route 53, Outlook, Amazon AWS, Zoho SalesIQ, Apache, Hotjar, Vimeo, Facebook Widget, Facebook Custom Audiences, WordPress.org, Mobile Friendly, reCAPTCHA, Google Analytics, Shutterstock, Google Tag Manager, Facebook Login (Connect), Google Font API, Remote","","","","","","","",false,false,false,false,"",694369fb23cd0d0001fb7056,694369fb23cd0d0001fb7085,"","","","","","","","",""
Jim,Joyner,Engineer Software,Capitol One Llc,Capitol One,jim.joyner@capitalone.com,Extrapolated,Apollo,Apollo,0.69,Catch-all,"",Entry,Engineering & Technical,ranilo@popai.agency,"","","","","",Cold,New_popai,"",ranilo@popai.agency,81,information technology & services,"software development, information technology & services",http://www.linkedin.com/in/jim-joyner-4a7813167,"",http://www.linkedin.com/company/capitol-one-llc,"","",Charlottesville,Virginia,United States,"Las Vegas, Nevada, United States",Las Vegas,Nevada,United States,"","","","","","","","","",false,false,false,false,"",694369a32b894c00012b3ece,694369a32b894c00012b3ef9,"","","","","","","","",""
Brian,Chan,Software & Data Engineer,"Harbor Capital Advisors, Inc.",Harbor Capital Advisors,brian.chan@harborcapital.com,Verified,Apollo,Apollo,"",Catch-all,2025-12-10T17:37:29+00:00,Entry,Engineering & Technical,ranilo@popai.agency,"","","",'+1 800-422-1050,"",Cold,New_popai,"",ranilo@popai.agency,290,financial services,"mutual funds, cit, etf, finance, financial advisor, advisor, financial planning, active management, active, asset allocation, multi asset, retirement, retirement planning, wealth, wealth management, ria, investment advisors, behavioral finance, cost-efficient investing, financial advisory, investment process, active etfs, ongoing oversight, manager of managers model, financial advisor solutions, etfs, cost-awareness, manager selection, investment research, investment solutions, investment styles, active strategies, portfolio management, product innovation, performance replacement, bespoke asset management, emerging boutique managers, active fund due diligence, manager replacement strategy, institutional investors, research-driven, manager evaluation process, carbon pricing, ai in investing, performance-driven investing, investment due diligence, performance monitoring, boutique managers, investment oversight, asset management, institutional investment, active etf launches, manager of managers, other financial investment activities, investment products, artificial intelligence, thematic market insights, carbon market themes, due diligence, emerging managers, boutique manager partnerships, active management approach, performance evaluation, product lineup, investment philosophy, portfolio construction, institutional cits, investment management, financial services, boutique fund lineup, active etf innovation, cost-aware active funds, active investment solutions, boutique asset managers, curated investment solutions, mutual fund management, etf management, risk management, collective investment trusts, financial advisors, thematic investing, fund product development, thematic etfs, boutique asset management, active management differentiation, risk-adjusted returns, investment strategies, commodities strategy, scientific alpha, high-yield bonds, long-term growth, capital appreciation, international equities, portfolio diversification, high-conviction products, boutique investment managers, fund performance, comprehensive research, investment insights, systematic approach, fundamental analysis, market inefficiencies, sector rotation, low correlated returns, economic value, portfolio optimization, dynamic strategy, inflation sensitivity, return on equity, weighted average maturity, yield income, exposure to large cap growth, competitive advantages, investment objectives, performance benchmarks, financial performance, dividend frequency, structured investment, liquid commodities, trends in investment, market volatility, capital gains, valuation metrics, duration awareness, investor relations, fund management, investment partnerships, b2b, financial consulting, consulting, management consulting, information technology & services",http://www.linkedin.com/in/brian-chan-cpl,https://harborcapital.com,http://www.linkedin.com/company/harbor-capital-advisors,"","",Chicago,Illinois,United States,"111 S Wacker Dr, Chicago, Illinois, United States, 60606",Chicago,Illinois,United States,'+1 800-422-1050,"Route 53, Amazon SES, Rackspace MailGun, Maropost, Outlook, Pardot, Amazon AWS, React, StackAdapt, Salesforce, Visual Website Optimizer, Google Tag Manager, reCAPTCHA, Google Analytics, Google Dynamic Remarketing, The Trade Desk, Wistia, Linkedin Marketing Solutions, Facebook Widget, DoubleClick, MediaMath, DoubleClick Floodlight, Quantcast, Facebook Login (Connect), AppNexus, DoubleClick Conversion, Mobile Friendly, Facebook Custom Audiences, Twitter Advertising, Remote, Render, AI",13800000,"","","","","","",false,false,false,false,"",694369a32b894c00012b3ec0,694369a32b894c00012b3eeb,"","","","","","","","",""
Laurence,Klein,Software Development Engineer,JHT - A Precise Systems Company,JHT,lklein@jht.com,Verified,Apollo,Apollo,"","",2025-12-18T02:42:05+00:00,Entry,Engineering & Technical,ranilo@popai.agency,"","","",'+1 301-737-7100,"",Cold,New_popai,"",ranilo@popai.agency,240,defense & space,"training, technical documentation, staffing, marine science, elearning, tech manuals, environmental services, courseware development, instructional systems design, graphic design, serious games, ietms, engineering drawings, mobile apps, simulation, defense & space manufacturing, training and simulation, consulting, training program development, environmental sciences, interactive multimedia instruction, military training programs, simulation solutions, r&d support, federally funded research, military technical manuals, interactive electronic technical manuals, cost-efficient solutions, interactive training systems, marine mammal research, u.s. department of defense, professional staffing, government contracting, 3d technical manuals, environmental research, environmental impact assessments, environmental and marine sciences, automated technical publication, government, modeling and simulation, defense and military training, supply chain management, environmental support services, b2b, proximity advanced touch system, sbir contracts, customized training solutions, advanced human-machine interface, software engineering, simulation and training software, pressure-sensitive gesture system, technical data development, gsa schedules, digital manuals, data management, marine mammal field support, engineering services, professional staffing support, technical data management, services, project management, proximity gesture library, advanced touch technology, 3d graphics and animations, marine science support, education, e-learning, internet, information technology & services, computer software, education management, renewables & environment, logistics & supply chain, productivity",http://www.linkedin.com/in/laurence-klein-b7291722,https://jht.com,http://www.linkedin.com/company/jht-inc.,https://www.facebook.com/JHTInc,https://twitter.com/JHTInc,Winter Park,Florida,United States,"12501 Research Pkwy, Orlando, Florida, United States, 32826-2908",Orlando,Florida,United States,'+1 301-737-7100,"Microsoft Office 365, Google Cloud Hosting, Mobile Friendly, YouTube, Facebook Widget, Facebook Login (Connect), Shutterstock, Wix, Varnish, Remote",15444000,"","","","","Precise Systems, Inc. (goprecise.com)","",false,false,false,false,"",694369fb23cd0d0001fb7059,694369fb23cd0d0001fb7088,"","","","","","","","",""
Ryan,Ruenroeng,Software Development Engineer,Yahara Software,Yahara,rruenroeng@yaharasoftware.com,Verified,Apollo,Apollo,"","",2025-12-01T14:27:42+00:00,Entry,Engineering & Technical,ranilo@popai.agency,"","","",'+1 608-821-1750,"",Cold,New_popai,"",ranilo@popai.agency,70,information technology & services,"full lifecycle custom software development, website development, mobile development, content management, intranet, extranet, software as a service, life sciences, biotechnology, instrument control, data aquisition, business intelligence, data analytics, biohealth, bioinformatics, transportation, custom software development, software development, custom application design, technology consulting, workflow automation, business solutions, medical device application development, beta testing support, government, process optimization, data-driven decision support, services, process automation, security and compliance, education, real-time data monitoring, client-specific solutions, mvp development, educational tracking systems, project management, resource-based platforms, devsecops, b2b, cloud hosting, data aggregation, laboratory workflow optimization, ai and machine learning, workflow optimization, healthcare, enterprise system integration, system integration, cloud and software development, web portals, system adapters, computer systems design and related services, laboratory systems, scalable application framework, performance dashboards, lims system implementation, fleet monitoring software, consulting, regulatory compliance, data visualization, bioinformatics software, medical instrument data acquisition, data security, technology validation, laboratory informatics, data traceability, start-up mvp development, medical instrument software, api integration, fleet management, data analytics & dashboards, transportation & logistics, web development, information technology & services, saas, computer software, analytics, management consulting, productivity, cloud computing, enterprise software, enterprises, health care, health, wellness & fitness, hospital & health care, computer & network security",http://www.linkedin.com/in/ryan-ruenroeng-98077415,https://yaharasoftware.com,http://www.linkedin.com/company/yahara-software,https://www.facebook.com/YaharaSoftware/,https://twitter.com/yaharasoftware,Madison,Wisconsin,United States,"901 Deming Way, Madison, Wisconsin, United States, 53717-1920",Madison,Wisconsin,United States,'+1 608-821-1750,"Outlook, Microsoft Office 365, Microsoft Azure Hosting, Amazon AWS, UptimeRobot, Salesforce, Google Analytics, ASP.NET, DotNetNuke, Hubspot, Vimeo, Bootstrap Framework, Mobile Friendly, AngularJS, Remote",2453000,"","","","","","",false,false,false,false,"",694369fb23cd0d0001fb705b,694369fb23cd0d0001fb708a,"","","","","","","","",""
Ben,Franklin,Engineer Software,BillingParadise,BillingParadise,benf@billingparadise.com,Verified,Apollo,Apollo,"",Not Catch-all,2025-12-18T02:38:14+00:00,Entry,Engineering & Technical,ranilo@popai.agency,"","","",'+1 888-571-9069,"",Cold,New_popai,"",ranilo@popai.agency,42,hospital & health care,"medical billing services, medical coding claims, electronic claims processing, revenue cycle management services, claim processing, ar management, denial management, third party billing, endend rcm, hospitals & health care, revenue analytics system, claim rejection analytics, eob to era converter, ai denial management, consulting, services, credentialing services, automated ar follow-up, workflow management application, remote resource management, b2b, accounting, tax preparation, bookkeeping, and payroll services, eligibility verification automation, ai-powered patient pricing, medical coding support, ehr support integration, end-to-end rcm services, ai credentialing, payment posting automation, charge capture automation, specialty-specific billing services, healthcare, revenue cycle management, medical billing automation, accounts receivable automation, patient cost estimator, revenue leak prevention, claims scrubbing tool, finance, hospital & health care, health care, health, wellness & fitness, financial services",http://www.linkedin.com/in/ben-franklin-a9075216a,https://billingparadise.com,http://www.linkedin.com/company/billingparadise,https://www.facebook.com/billingparadise,https://twitter.com/billingparadise,Duluth,Minnesota,United States,"6060 Village Bend Dr, Dallas, Texas, United States, 75206-3700",Dallas,Texas,United States,'+1 888-571-9069,"Gmail, Google Apps, Amazon AWS, Facebook Conversion Tracking, Zoho Email, Stripe, VueJS, Leadfeeder, Instantly, Hubspot, Hotjar, iTunes, Mobile Friendly, Nginx, Google Font API, Google Tag Manager, Google Analytics, Bootstrap Framework, Facebook Widget, Google Dynamic Remarketing, Google Remarketing, Olark, reCAPTCHA, Google AdSense, Facebook Login (Connect), Google AdWords Conversion, Quantcast, Bing Ads, HeapAnalytics, Android, Remote, AI",21500000,"","","","","","",false,false,false,false,"",6943691530266e001932bc09,6943691530266e001932bc25,"","","","","","","","",""
Pradeep,Ravi,Software Development Engineer,"Infinitus Systems, Inc.",Infinitus,pradeep.ravi@infinitus.ai,Verified,Apollo,Apollo,"",Catch-all,2025-12-09T18:18:41+00:00,Entry,Engineering & Technical,ranilo@popai.agency,"","","",'+1 916-445-1254,"",Cold,New_popai,"",ranilo@popai.agency,170,information technology & services,"healthcare, digital assistant, conversational ai, healthtech, nlp, nlu, automation, benefit verification, prior authorization, software development, healthcare data collection, human-in-the-loop machine learning, call automation, ai copilot, healthcare provider tools, healthcare workflows, payor partnerships, voice ai technology, hipaa compliant, ai safety standards, healthcare compliance, ai call success rate optimization, ai-driven healthcare qa, natural language processing, automated phone calls, medical workflow automation, ai guardrails for healthcare, healthcare cost savings, ai for specialty medications, hipaa security, ai model training, ai-powered healthcare automation, ai agents, multimodal dialogue detection, automated escalation, enterprise security, b2b, nlp models, ai for high-stakes medical calls, multimodal dialogue breakdown detection, ai in healthcare, data accuracy, api integration, prescription follow-up, bias mitigation in healthcare ai, cost reduction, ehr integration, back-office automation, custom fine-tuned models, soc 2 security, ai knowledge graph updates, healthcare ai, user experience, patient access improvement, ai for complex sops, services, knowledge graph, healthcare process automation, patient outcome improvement, provider support, ai model robustness, real-time data, multimodal ai, data privacy, computer systems design and related services, knowledge graph integration, data integration, healthcare technology, medical call handling, real-time call analytics, health care, health, wellness & fitness, hospital & health care, artificial intelligence, information technology & services, ux, enterprise software, enterprises, computer software",http://www.linkedin.com/in/pradeephravi,https://infinitus.ai,http://www.linkedin.com/company/infinitusai,https://facebook.com/infinitusai,https://twitter.com/InfinitusAI,San Jose,California,United States,"340 Brannan St, San Francisco, California, United States, 94107-1836",San Francisco,California,United States,'+1 916-445-1254,"Salesforce, Sendgrid, Gmail, Google Apps, Marketo, Hubspot, Facebook Widget, Facebook Custom Audiences, Linkedin Marketing Solutions, Hotjar, Google Tag Manager, WordPress.org, Mobile Friendly, Facebook Login (Connect), Circle, Remote, AI, Gong",28000000,102900000,Series C,51500000,2024-10-01T00:00:00+00:00,"","",false,false,false,false,"",694369fb23cd0d0001fb7062,694369fb23cd0d0001fb7091,"","","","","","","","",""
Aakanksha,Saini,Software Development Engineer,"HealthBridge Financial, Inc.",HealthBridge Financial,aakanksha.saini@myhealthbridge.com,Verified,Apollo,Apollo,"",Catch-all,2025-12-18T02:40:36+00:00,Entry,Engineering & Technical,ranilo@popai.agency,"","","",'+1 800-931-8890,"",Cold,New_popai,"",ranilo@popai.agency,170,hospital & health care,"insuretech, fintech, hipaa, provider revenue cycle, pci, health insurance, hospitals & health care, patient financial security, patient support services, financial services, out-of-pocket payment solutions, patient payment experience, data security, healthcare collections risk management, healthcare payment platform security, medical billing automation, cybersecurity, healthcare technology, patient experience enhancement, revenue cycle management, patient payment platform, financial lifecycle management, regulatory compliance, b2b, healthcare revenue cycle, healthcare industry compliance, ehr-integrated payment plans, medical expense payment plans, healthcare data protection, healthcare access and affordability, healthcare financial technology, healthcare provider support, data protection, healthcare financial solutions, medical expense financing, financial technology, self-pay balances management, interest-free financing, provider-patient communication, risk management, automated receivables processing, cloud saas technology, interest-free patient financing, accounting, tax preparation, bookkeeping, and payroll services, healthcare data security, ehr integration, non-recourse model, saas healthcare platform, healthcare provider profitability, healthcare payment plans, healthcare payment technology, healthcare, non-recourse revenue model, interest-free payment plans, hipaa compliance, hitrust r2 certified, services, patient financial assistance, finance, finance technology, information technology & services, hospital & health care, computer & network security, health care, health, wellness & fitness",http://www.linkedin.com/in/aakanksha-saini-b78175ab,https://myhealthbridge.com,http://www.linkedin.com/company/healthbridge-financial,https://facebook.com/myhealthbridge/,"",Chicago,Illinois,United States,"3200 Broadmoor Ave SE, Grand Rapids, Michigan, United States, 49512",Grand Rapids,Michigan,United States,'+1 800-931-8890,"Cloudflare DNS, Route 53, Microsoft Office 365, Amazon AWS, Outlook, accessiBe, Atlassian Cloud, Webflow, reCAPTCHA, Mobile Friendly, Ruxit, Google Analytics, Linkedin Marketing Solutions, New Relic, Nginx, Bootstrap Framework, Google Tag Manager, SnapEngage, Google Font API, Data Analytics, AI, Jamf",13000000,54383743,Debt Financing,3300000,2024-08-01T00:00:00+00:00,"","",false,false,false,false,"",694369a32b894c00012b3ebf,694369a32b894c00012b3eea,"","","","","","","","",""
Mohnish,Raval,Software Development Engineer,"KGS Technology Group, Inc",KGS Technology Group,mohnish.raval@kgstechnologygroup.com,Verified,Apollo,Apollo,"","",2025-12-18T02:38:15+00:00,Entry,Engineering & Technical,ranilo@popai.agency,"","","",'+91 78558 65181,"",Cold,New_popai,"",ranilo@popai.agency,300,information technology & services,"consulting, business process outsourcing, business application services, software testing, cloud computing, big data, manpower consulting, talent services, it training & placement, artificial intelligence, global information solutions, data analytics, it staffing, staffing agency, it services & it consulting, software as a service, devops practices, it infrastructure, predictive analytics, devops, e-commerce, services, microservices architecture, performance testing, business intelligence, digital experience platforms, ux/ui design, it infrastructure management, ai model deployment, mobile app frameworks, b2b, computer systems design and related services, software deployment, machine learning, mobile app development, automated testing frameworks, web frameworks, it services, business automation, kubernetes, ai-driven customer insights, automation, custom software development, aws, product engineering, hybrid cloud solutions, big data analytics, website development, cybersecurity, digital marketing tools, blockchain, ai in healthcare, iot device management, enterprise data lakes, cloud migration, cloud security, talent outsourcing, cybersecurity tools, content management systems, iot solutions, cloud performance monitoring, blockchain for supply chain, it consulting, cloud backup and disaster recovery, automated security testing, cloud platforms, cloud compliance, software engineering, enterprise solutions, custom software, security testing, cloud-native applications, enterprise mobility, digital assets management, container orchestration, api integration, cloud infrastructure, web design, edge ai, ai chatbots, blockchain in banking, iot analytics, enterprise resource planning, erp systems, enterprise software, project management, real-time data processing, cloud governance, jenkins, blockchain platforms, software development, digital assets, edge computing, digital twin technology, cybersecurity services, it support, e-commerce platforms, enterprise application, system integration, cyber threat detection, cloud security tools, data security, ai and machine learning, digital transformation, ai for fraud detection, blockchain for identity verification, digital transformation consulting, cloud solutions, retail, information technology and services, iot sensor integration, google cloud, automation solutions, technology consulting, digital marketing, government, cloud cost optimization, ai in finance, automated deployment pipelines, multi-cloud management, blockchain development, it outsourcing, crm integration, ai for predictive maintenance, ai services, software deployment tools, cloud management, iot security solutions, microservices, digital asset management, iot services, blockchain smart contracts, azure, web development, containerization, cyber security, cloud services, it support services, ai-powered analytics, data visualization, mobile application development, e-commerce solutions, cybersecurity solutions, hybrid cloud services, infrastructure as a service, platform as a service, business continuity planning, virtualization solutions, regression testing, quality assurance, it strategy development, technology assessments, customer experience optimization, it staff augmentation, real-time data analytics, scalable solutions, cloud application development, test consulting, digital testing, client-centric solutions, business process automation, agile software development, flexible engagement models, customized it solutions, cloud infrastructure services, iot architecture tuning, strategic it planning, responsive web design, healthcare, finance, consumer products & retail, construction & real estate, enterprises, computer software, information technology & services, staffing & recruiting, saas, consumer internet, consumers, internet, analytics, management consulting, internet infrastructure, productivity, computer & network security, marketing & advertising, outsourcing/offshoring, paas, health care, health, wellness & fitness, hospital & health care, financial services",http://www.linkedin.com/in/mohnish-raval,https://kgstechnologygroup.com,http://www.linkedin.com/company/techkgs,"","","","",United States,"1004 Whittington Way, Alpharetta, Georgia, United States, 30004",Alpharetta,Georgia,United States,'+91 78558 65181,"Outlook, Google Font API, Mobile Friendly, Bootstrap Framework, reCAPTCHA, Google Tag Manager, Google translate API, Google translate widget, YouTube, Azure Devops, Micro, Docker, Scala, Reviews, Remote, AI, Google Workspace","","","","","","","",false,false,false,false,"",6943691530266e001932bbff,6943691530266e001932bc1b,"","","","","","","","",""
Lori,Connell,Engineer Software,FAA,FAA,lori.connell@faa.gov,Verified,Apollo,Apollo,"",Catch-all,2025-12-18T02:38:14+00:00,Entry,Engineering & Technical,ranilo@popai.agency,"","","","","",Cold,New_popai,"",ranilo@popai.agency,32,financial services,"",http://www.linkedin.com/in/lori-singer-connell-b7b695110,https://faa.gov,http://www.linkedin.com/company/faa-aus,"","",Northfield,New Jersey,United States,"","","","","","","","","","","","","",false,false,false,false,"",6943691530266e001932bc06,6943691530266e001932bc22,"","","","","","","","",""
Okila,Salieva,Software Automation Engineer,ecoATM Gazelle,ecoATM Gazelle,okila.salieva@ecoatm.com,Verified,Apollo,Apollo,"",Catch-all,2025-12-16T19:19:48+00:00,Entry,Engineering & Technical,ranilo@popai.agency,"","","",'+1 858-324-4111,"",Cold,New_popai,"",ranilo@popai.agency,400,retail,"retail automation, recycling & refurbishing, green technology, mobile recycling, software development, hardware development, sustainability, esg, kiosk, ewaste recycling, automated kiosk, smartphones, certifiedpreowned, mobile, consumer goods, collaborative consumption, recycling, information technology, consumers, retail recyclable materials & used merchandise, factory reset, environmental impact statistics, device security protocols, refurbished device sales, security features, device return process, used electronics, instant cash, environmental impact, electronic waste reduction, retail kiosk network, environmental services, instant cash for phones, customer convenience, secure transaction, device condition assessment, law enforcement cooperation, device theft prevention, mail-in recycling program, e-waste recycling, environmental sustainability, mobile device trade-in, device condition detection, used device buyback, device trade-in app, services, ai-powered valuation, refurbished devices, digital payment options, device valuation, consumer electronics, personal data removal, device buyback, device recycling, b2c, kiosk sanitation, retail, automated kiosks, location-based kiosk search, device preparation, device evaluation, retail store locations, consumer products & retail, information technology & services, renewables & environment, internet, hardware, active life, electronics, local services, mobile phones, recycling center, shopping",http://www.linkedin.com/in/okila-salieva-b6b53683,https://ecoatm.com,http://www.linkedin.com/company/ecoatm,https://facebook.com/ecoATM,http://twitter.com/ecoatm,"",California,United States,"10121 Barnes Canyon Road, San Diego, California, United States, 92121",San Diego,California,United States,'+1 858-324-4111,"Salesforce, Route 53, Mailchimp Mandrill, Outlook, Microsoft Office 365, Backbone JS Library, PayPal Credit, OneTrust, Google Places, DoubleClick, YouTube, Bootstrap Framework, Mobile Friendly, DoubleClick Conversion, Google Analytics, Trustpilot, Optimizely, Google Maps, Facebook Social Plugins, iTunes, Bing Ads, Facebook Custom Audiences, ASP.NET, Google Tag Manager, Facebook Login (Connect), Google Play, Twitter Advertising, Shopify, Google Font API, reCAPTCHA, Google AdWords Conversion, Vimeo, Hotjar, Google Dynamic Remarketing, Facebook Widget, AI",75000000,459904733,Other,50000000,2023-03-01T00:00:00+00:00,"","",false,false,false,false,6,694369a32b894c00012b3ecb,694369a32b894c00012b3ef6,"","","","","","","","",""
Mark,Menge,Software Supervisor/Engineer,A&D Technology,A&D Technology,mmenge@aanddtech.com,Verified,Apollo,Apollo,"","",2025-12-18T02:42:04+00:00,Manager,Engineering & Technical,ranilo@popai.agency,"","","",'+1 734-973-1111,"",Cold,New_popai,"",ranilo@popai.agency,120,automotive,"test automation, test cell integration, centralized lab management tools, combustion analysis systems, emissions measurement systems, hardwareintheloop simulation systems, battery test systems, tire test rigs, modelbased sensors, motor vehicle manufacturing, tire testing equipment, vibration testing, in-line and end-of-line testing, power & utilities, lab management, labworx suite, navigational, measuring, electromedical, and control instruments manufacturing, fpga board, battery internal impedance simulator, labworx software, vehicle electrification, automotive, energy, powertrain development, battery hils, consulting, friction tester, test schedule management, emissions testing, test station viewer, ecu & engine hils, procyon (lab), centralized reporting, transportation & logistics, cloud-based management, test cell automation, automated notifications, rolling resistance testing, vehicle dynamics, software automation, remote monitoring, motor hils, b2b, vibration table testing, custom test system integration, hybrid powertrain testing, iconnect i/o, data acquisition, real-time control, services, adas hils hardware, in-vehicle emissions testing, thermal management hil system, portable test systems, itest application, system integration, hybrid/electric vehicle testing, emobility testing, transmission testing, chamber solutions, simulation software, power semiconductors (sic, gan), hardware-in-the-loop (hil) simulation, engine testing, high-speed power converters, aerospace, manufacturing, dyno controller, battery testing & development, distribution, consumer products & retail, energy & utilities, mechanical or industrial engineering",http://www.linkedin.com/in/mark-menge-44250211,https://aanddtech.com,http://www.linkedin.com/company/aanddtech,https://www.facebook.com/AandDTechInc,https://twitter.com/aanddtechnology,Ann Arbor,Michigan,United States,"4622 Runway Boulevard, Ann Arbor, Michigan, United States, 48108",Ann Arbor,Michigan,United States,'+1 734-973-1111,"Cloudflare DNS, Outlook, Microsoft Office 365, React, Zendesk, Google Analytics, Mobile Friendly, WordPress.org, Nginx, YouTube, Google Tag Manager, Hubspot, Google Font API, Remote",186000000,"","","","","","",false,false,false,false,"",694369fb23cd0d0001fb7050,694369fb23cd0d0001fb707f,"","","","","","","","",""
Carl,Davis,Engineer Software,Screencastify,Screencastify,"",Unavailable,"","","","","",Entry,Engineering & Technical,ranilo@popai.agency,"","","","","",Cold,New_popai,"",ranilo@popai.agency,46,information technology & services,"screencast, video, screen recording, video editing, saas, education, user experience design, enterprise software, consumer internet, software, internet, information technology, software development, video for professional development, interactive videos, video for esl learners, distance education, video for district communication, asynchronous video communication, video for training, translation, teacher resources, video annotation tools, video tutorials, software as a service, video analytics for education, video for flipped classroom, video for support, distance learning tools, video for customer support, video-based assessments, video for legal documentation, video analytics, video software, video library management, video editing tools, video recording, coppa compliance, video production, video for communication, video for corporate training, video feedback tools, video for internal communication, video marketing, video for business, asynchronous video, video for product development, video for special education, interactive questions, video assessments, educational technology, ferpa compliance, video for blended learning, video for assessment, video creation platform, educational tools, soppa compliance, educator video tools, video for onboarding new employees, google classroom integration, content creation, e-learning, video for product demos, video for customer engagement, b2b, browser-based editor, video sharing, video annotations, video for remote work, video library, asynchronous communication, teacher tools, classroom technology, video feedback for students, b2c, video sharing platform, user experience, video feedback, transcription, services, video for marketing, video for onboarding, educational support services, d2c, video creation, video for remote teaching, google drive integration, video for project management, student engagement, educator tools, video assessment, chrome extension, student video submissions, video communication, video assignments, multilingual captions, video communication tools, video for education, video collaboration, saas platform, video for marketing campaigns, ai assistant, video platform, analytics, video for legal compliance, remote learning, interactive video, submission assignments, video for feedback, personalized learning, classroom management, participation engagement, video documentation, student assessment, video tools for educators, k-12 solutions, digital storytelling, webcam recording, video integration, tutorial video, flipped classroom, asynchronous learning, candidate training, live streaming, customer support video, coding tutorials, bug reporting, project management video, collaboration videos, dynamic presentations, language translation, knowledge sharing, video engagement, student portfolio, video contrast, creativity enhancement, educational videos, workflow optimization, online classes, data privacy compliance, legal, computer software, information technology & services, enterprises, consumers, education management, ux",http://www.linkedin.com/in/carl-davis-602868169,https://screencastify.com,http://www.linkedin.com/company/screencastify,https://www.facebook.com/Screencastify/,http://twitter.com/screencastify,Chicago,Illinois,United States,"222 North LaSalle Street, Chicago, Illinois, United States, 60601",Chicago,Illinois,United States,"","Cloudflare DNS, Rackspace MailGun, Sendgrid, Gmail, Marketo, Google Apps, Zendesk, Netlify, Teachable, GitHub Hosting, Webflow, Salesforce, FullStory, LiveChat, Google Font API, Active Campaign, Facebook Login (Connect), Marin, Facebook Widget, Pusher, New Relic, DoubleClick, Ruby On Rails, Wistia, Visual Website Optimizer, Twitter Advertising, Content.ad, Google Analytics, HeapAnalytics, Google Tag Manager, Stripe, DoubleClick Conversion, Mobile Friendly, Facebook Custom Audiences, Hotjar, AdRoll, Google Dynamic Remarketing, reCAPTCHA, Remote",9505000,"","","","","VLinks Media, LLC (learncore.com)","",false,false,false,false,"",694369a32b894c00012b3ec7,694369a32b894c00012b3ef2,"","","","","","","","",""
Pooja,Desai,Software Development Engineer,Goodreads,Goodreads,pdesai@goodreads.com,Verified,Apollo,Apollo,"","",2025-12-09T18:18:43+00:00,Entry,Engineering & Technical,ranilo@popai.agency,"","","","","",Cold,New_popai,"",ranilo@popai.agency,430,information technology & services,"social networking, social media, book discovery, authors, internet technology ruby on rails, ios, android, javascript, networking, e-books, textbooks, consumer internet, internet, information technology, technology, information & internet, consumers, information technology & services, mobile, ebooks, digital media, media",http://www.linkedin.com/in/pudesai,https://goodreads.com,http://www.linkedin.com/company/goodreads-com,https://www.facebook.com/Goodreads/,https://twitter.com/goodreads,San Francisco,California,United States,"180 Spear Street, San Francisco, California, United States, 94105",San Francisco,California,United States,"","Route 53, Sendgrid, Microsoft Office 365, Amazon AWS, The Trade Desk, Salesforce Service Cloud, Commission Junction, Amazon Associates, Google Play, iTunes, Linkshare, Google AdSense, comScore, Ruby On Rails, greyscale - grey, DoubleClick, Quantcast, Mobile Friendly, Google Plus, AI",19500000,2750000,Series A,2000000,2009-12-01T00:00:00+00:00,Amazon (amazon.com),"",false,false,false,false,"",694369fb23cd0d0001fb705f,694369fb23cd0d0001fb708e,"","","","","","","","",""
Dustin,Stender,Software and Solutions Engineer,Insightly CRM by Unbounce,Insightly CRM by Unbounce,dustin@insightly.com,Extrapolated,Apollo,Apollo,0.57,Catch-all,"",Entry,Engineering & Technical,ranilo@popai.agency,"","","",'+1 888-999-4039,"",Cold,New_popai,"",ranilo@popai.agency,82,information technology & services,"crm, customer relationship management, marketing automation, customer service, integration automation, small & medium businesses, sales & marketing, project management, enterprise software, software, information technology, software development, computer systems design and related services, reporting tools, data analytics, unified platform, real-time data, gdpr compliant, finance and accounting, customer lifecycle management, contact management, trigger-based workflows, customer data platform, cloud security, product/project management, operations, data synchronization, hipaa, advanced reporting, multi-channel marketing, customer service tools, opportunity management, ai/machine learning, version control, workflow automation tools, multi-application workflows, email marketing, custom workflows, unified customer view, e-commerce, data exchange automation, application connectors, sales pipeline management, transportation & logistics, customer retention, no-code integration, cloud-based software, integration at scale, devops/it, marketing campaigns, solar, hipaa compliance, privacy compliance, sales automation, api, construction & real estate, startups, professional services, d2c, customer engagement, multi-step journeys, low-code platform, services, sales and marketing alignment, b2c, business application integration, workflow automation, customer journey, hipaa support, customizable workflows, retail, hr, automation workflows, ecommerce, customer insights, data pipelines, collaboration, soc 2 certified, customer data management, third-party app integration, appconnect, integration tools, lead management, data security and compliance, developer, data integration, scalable crm, security features, real-time dashboards, sales and marketing, healthcare, soc 2 type ii, business productivity, manufacturing, customer support, lead scoring, customer success management, gdpr compliance, mobile apps, agency, business growth, business process automation, pre-built app connectors, consulting, crm platform, soc 2, data security, b2b, gdpr, automation, audit logs, business intelligence, finance, insurance, task automation, team collaboration, customer experience, legal, data encryption, sales pipeline, task management, knowledge management, ticket management, integration, dashboards, reporting, data segmentation, dynamic lists, a/b testing, sales velocity, user customization, workflows, real-time insights, customer data, sla management, help desk solutions, client relationship building, business workflow automation, customizable crm, mobile crm, collaboration tools, user permissions, data visualization, customer journey mapping, sales analytics, persistent records, performance metrics, cloud integration, compliance tools, third-party integrations, distribution, consumer products & retail, energy & utilities, sales, enterprises, computer software, information technology & services, marketing & advertising, saas, productivity, consumer internet, consumers, internet, clean energy & technology, environmental services, renewables & environment, professional training & coaching, human resources, health care, health, wellness & fitness, hospital & health care, mechanical or industrial engineering, computer & network security, analytics, financial services, marketing",http://www.linkedin.com/in/dustinpstender,https://insightly.com,http://www.linkedin.com/company/insightly,http://www.facebook.com/Insightly,https://twitter.com/insightlyapp,San Diego,California,United States,"58 W Portal Ave, San Francisco, California, United States, 94127-1304",San Francisco,California,United States,'+1 888-999-4039,"Cloudflare DNS, Amazon SES, Sendgrid, Gmail, Marketo, Google Apps, Microsoft Office 365, CloudFlare Hosting, Bluekai, UPS, Remote, AI",40000000,38000000,Series C,25000000,2016-04-01T00:00:00+00:00,Unbounce (unbounce.com),"",false,false,false,false,"",694369fb23cd0d0001fb7065,694369fb23cd0d0001fb7094,"","","","","","","","",""
